domain,peel,tp_events,fp_events,matched_events,fp_fraction,fp_share,fp_cumulative
raw_native,0,5758,43,5801,0.007412515083606274,0.0013865600412743455,0.0013865600412743455
raw_native,1,8070,150,8220,0.01824817518248175,0.0048368373532826,0.006223397394556946
raw_native,2,7847,335,8182,0.040943534588120264,0.010802270088997807,0.017025667483554753
raw_native,3,6841,559,7400,0.07554054054054055,0.01802528053656649,0.03505094802012124
raw_native,4,6132,756,6888,0.10975609756097561,0.024377660260544304,0.05942860828066555
raw_native,5,5740,1019,6759,0.15076194703358484,0.032858248419966464,0.09228685670063201
raw_native,6,5530,1273,6803,0.18712332794355432,0.04104862633819167,0.13333548303882367
raw_native,7,5377,1481,6858,0.21595217264508604,0.04775570746807687,0.18109119050690053
raw_native,8,5206,1700,6906,0.24616275702287865,0.05481749000386947,0.23590868051077002
raw_native,9,4933,1840,6773,0.2716669127417688,0.059331871533599895,0.29524055204436994
raw_native,10,4771,1915,6686,0.28641938378701765,0.0617502902102412,0.35699084225461114
raw_native,11,4483,1993,6476,0.30775169857936996,0.06426544563394815,0.4212562878885593
raw_native,12,4016,1898,5914,0.32093337842407843,0.061202115310202504,0.48245840319876176
raw_native,13,3642,1852,5494,0.3370950127411722,0.059718818521862505,0.5421772217206242
raw_native,14,3258,1799,5057,0.3557445125568519,0.05800980265703599,0.6001870243776602
raw_native,15,2777,1680,4457,0.3769351581781467,0.05417257835676512,0.6543596027344254
raw_native,16,2521,1462,3983,0.3670600050213407,0.04714304140332774,0.7015026441377531
raw_native,17,2117,1362,3479,0.39149180799080197,0.04391848316780601,0.7454211273055591
raw_native,18,1767,1209,2976,0.40625,0.03898490906745776,0.7844060363730169
raw_native,19,1359,1114,2473,0.4504650222401941,0.03592157874371211,0.820327615116729
raw_native,20,1189,1010,2199,0.45929968167348795,0.03256803817876951,0.8528956532954985
raw_native,21,955,790,1745,0.45272206303724927,0.025474010060621693,0.8783696633561202
raw_native,22,711,729,1440,0.50625,0.02350702953695344,0.9018766928930737
raw_native,23,582,585,1167,0.5012853470437018,0.018863665677802142,0.9207403585708759
raw_native,24,470,481,951,0.5057833859095688,0.015510125112859539,0.9362504836837354
raw_native,25,325,388,713,0.544179523141655,0.012511285953824326,0.9487617696375598
raw_native,26,282,364,646,0.5634674922600619,0.01173739197729911,0.9604991616148588
raw_native,27,236,228,464,0.49137931034482757,0.0073519927769895525,0.9678511543918483
raw_native,28,163,200,363,0.5509641873278237,0.006449116471043467,0.9743002708628918
raw_native,29,133,173,306,0.565359477124183,0.005578485747452599,0.9798787566103444
raw_native,30,91,114,205,0.5560975609756098,0.0036759963884947762,0.9835547529988392
raw_native,31,77,96,173,0.5549132947976878,0.003095575906100864,0.9866503289049401
raw_native,32,67,75,142,0.528169014084507,0.0024184186766413,0.9890687475815814
raw_native,33,50,68,118,0.576271186440678,0.002192699600154779,0.9912614471817361
raw_native,34,34,43,77,0.5584415584415584,0.0013865600412743455,0.9926480072230105
raw_native,35,36,44,80,0.55,0.0014188056236295627,0.9940668128466401
raw_native,36,19,27,46,0.5869565217391305,0.0008706307235908681,0.994937443570231
raw_native,37,19,30,49,0.6122448979591837,0.0009673674706565201,0.9959048110408875
raw_native,38,11,20,31,0.6451612903225806,0.0006449116471043467,0.9965497226879918
raw_native,39,14,21,35,0.6,0.000677157229459564,0.9972268799174514
raw_native,40,7,10,17,0.5882352941176471,0.00032245582355217337,0.9975493357410036
raw_native,41,4,10,14,0.7142857142857143,0.00032245582355217337,0.9978717915645557
raw_native,42,6,11,17,0.6470588235294118,0.00035470140590739067,0.9982264929704632
raw_native,43,4,5,9,0.5555555555555556,0.00016122791177608669,0.9983877208822393
raw_native,44,6,10,16,0.625,0.00032245582355217337,0.9987101767057914
raw_native,45,3,7,10,0.7,0.00022571907648652134,0.9989358957822779
raw_native,46,4,2,6,0.3333333333333333,6.449116471043467e-05,0.9990003869469883
raw_native,47,2,5,7,0.7142857142857143,0.00016122791177608669,0.9991616148587644
raw_native,48,7,4,11,0.36363636363636365,0.00012898232942086933,0.9992905971881852
raw_native,49,2,3,5,0.6,9.6736747065652e-05,0.9993873339352509
raw_native,50,4,3,7,0.42857142857142855,9.6736747065652e-05,0.9994840706823166
raw_native,51,2,2,4,0.5,6.449116471043467e-05,0.999548561847027
raw_native,52,0,2,2,1.0,6.449116471043467e-05,0.9996130530117374
raw_native,53,2,2,4,0.5,6.449116471043467e-05,0.9996775441764478
raw_native,54,1,1,2,0.5,3.224558235521733e-05,0.9997097897588031
raw_native,55,0,0,0,0.0,0.0,0.9997097897588031
raw_native,56,0,1,1,1.0,3.224558235521733e-05,0.9997420353411584
raw_native,57,1,1,2,0.5,3.224558235521733e-05,0.9997742809235136
raw_native,58,0,0,0,0.0,0.0,0.9997742809235136
raw_native,59,1,0,1,0.0,0.0,0.9997742809235136
raw_native,60,1,0,1,0.0,0.0,0.9997742809235136
raw_native,61,0,2,2,1.0,6.449116471043467e-05,0.999838772088224
raw_native,62,0,0,0,0.0,0.0,0.999838772088224
raw_native,63,0,0,0,0.0,0.0,0.999838772088224
raw_native,64,0,0,0,0.0,0.0,0.999838772088224
raw_native,65,0,1,1,1.0,3.224558235521733e-05,0.9998710176705793
raw_native,66,1,0,1,0.0,0.0,0.9998710176705793
raw_native,67,2,0,2,0.0,0.0,0.9998710176705793
raw_native,68,0,0,0,0.0,0.0,0.9998710176705793
raw_native,69,0,1,1,1.0,3.224558235521733e-05,0.9999032632529345
raw_native,70,1,0,1,0.0,0.0,0.9999032632529345
raw_native,71,0,0,0,0.0,0.0,0.9999032632529345
raw_native,72,1,0,1,0.0,0.0,0.9999032632529345
raw_native,73,1,0,1,0.0,0.0,0.9999032632529345
raw_native,74,1,0,1,0.0,0.0,0.9999032632529345
raw_native,75,0,0,0,0.0,0.0,0.9999032632529345
raw_native,76,0,1,1,1.0,3.224558235521733e-05,0.9999355088352898
raw_native,77,0,0,0,0.0,0.0,0.9999355088352898
raw_native,78,0,0,0,0.0,0.0,0.9999355088352898
raw_native,79,0,0,0,0.0,0.0,0.9999355088352898
raw_native,80,2,0,2,0.0,0.0,0.9999355088352898
raw_native,81,0,0,0,0.0,0.0,0.9999355088352898
raw_native,82,0,0,0,0.0,0.0,0.9999355088352898
raw_native,83,0,0,0,0.0,0.0,0.9999355088352898
raw_native,84,0,0,0,0.0,0.0,0.9999355088352898
raw_native,85,0,0,0,0.0,0.0,0.9999355088352898
raw_native,86,0,0,0,0.0,0.0,0.9999355088352898
raw_native,87,0,0,0,0.0,0.0,0.9999355088352898
raw_native,88,0,0,0,0.0,0.0,0.9999355088352898
raw_native,89,0,1,1,1.0,3.224558235521733e-05,0.9999677544176451
raw_native,90,0,0,0,0.0,0.0,0.9999677544176451
raw_native,91,1,0,1,0.0,0.0,0.9999677544176451
raw_native,92,0,0,0,0.0,0.0,0.9999677544176451
raw_native,93,0,0,0,0.0,0.0,0.9999677544176451
raw_native,94,0,0,0,0.0,0.0,0.9999677544176451
raw_native,95,1,0,1,0.0,0.0,0.9999677544176451
raw_native,96,0,1,1,1.0,3.224558235521733e-05,1.0000000000000002
denoised,0,11230,47,11277,0.004167775117495788,0.0005829529668585037,0.0005829529668585037
denoised,1,11910,170,12080,0.014072847682119206,0.002108553284381822,0.0026915062512403256
denoised,2,9342,371,9713,0.038196231854216,0.0046016074617979755,0.007293113713038301
denoised,3,7029,645,7674,0.08405003909304144,0.008000099226036912,0.015293212939075212
denoised,4,6370,916,7286,0.12572055997804008,0.011361381226433816,0.026654594165509027
denoised,5,6425,1132,7557,0.14979489215297076,0.014040484223060132,0.04069507838856916
denoised,6,6575,1311,7886,0.16624397666751203,0.016260666798968048,0.05695574518753721
denoised,7,6662,1653,8315,0.19879735417919422,0.020502579876959713,0.07745832506449693
denoised,8,6494,1688,8182,0.20630652652163287,0.02093669378845009,0.09839501885294702
denoised,9,6182,1842,8024,0.22956131605184446,0.02284679499900774,0.12124181385195476
denoised,10,5640,1933,7573,0.25524891060345967,0.023975491168882715,0.14521730502083746
denoised,11,5054,2011,7065,0.2846426043878273,0.02494294502877555,0.17016025004961302
denoised,12,4515,1938,6453,0.30032543003254303,0.02403750744195277,0.1941977574915658
denoised,13,3931,2006,5937,0.33788108472292405,0.024880928755705498,0.21907868624727128
denoised,14,3280,2012,5292,0.3801965230536659,0.02495534828338956,0.24403403453066083
denoised,15,2861,2032,4893,0.4152871449008788,0.025203413375669777,0.2692374479063306
denoised,16,2490,2033,4523,0.4494804333407031,0.025215816630283786,0.29445326453661436
denoised,17,2089,2017,4106,0.49123234291281054,0.025017364556459615,0.319470629093074
denoised,18,1735,2018,3753,0.5377031707966959,0.025029767811073626,0.34450039690414763
denoised,19,1505,1951,3456,0.5645254629629629,0.02419874975193491,0.36869914665608255
denoised,20,1293,1963,3256,0.6028869778869779,0.024347588807303037,0.3930467354633856
denoised,21,1225,1986,3211,0.6184989099968857,0.02463286366342528,0.41767959912681085
denoised,22,1024,1974,2998,0.6584389593062041,0.024484024608057153,0.442163623734868
denoised,23,943,1924,2867,0.6710847575863271,0.023863861877356618,0.4660274856122246
denoised,24,788,1890,2678,0.7057505601194921,0.023442151220480253,0.4894696368327049
denoised,25,717,1811,2528,0.716376582278481,0.022462294105973408,0.5119319309386783
denoised,26,643,1842,2485,0.7412474849094567,0.02284679499900774,0.534778725937686
denoised,27,618,1842,2460,0.748780487804878,0.02284679499900774,0.5576255209366938
denoised,28,586,1804,2390,0.7548117154811715,0.022375471323675334,0.5800009922603692
denoised,29,529,1769,2298,0.7697998259355961,0.021941357412184958,0.6019423496725541
denoised,30,489,1792,2281,0.7856203419552827,0.022226632268307202,0.6241689819408613
denoised,31,483,1775,2258,0.7860938883968114,0.02201577693986902,0.6461847588807303
denoised,32,389,1645,2034,0.8087512291052114,0.020403353840047628,0.666588112720778
denoised,33,368,1659,2027,0.8184509126788357,0.02057699940464378,0.6871651121254218
denoised,34,359,1728,2087,0.8279827503593675,0.02143282397301052,0.7085979360984322
denoised,35,295,1643,1938,0.8477812177502579,0.020378547330819608,0.7289764834292518
denoised,36,298,1526,1824,0.8366228070175439,0.018927366540980352,0.7479038499702322
denoised,37,275,1502,1777,0.8452447945976365,0.018629688430244096,0.7665335384004763
denoised,38,272,1424,1696,0.839622641509434,0.01766223457035126,0.7841957729708275
denoised,39,246,1441,1687,0.8541790160047421,0.017873089898789444,0.802068862869617
denoised,40,222,1401,1623,0.8632162661737524,0.017376959714229014,0.819445822583846
denoised,41,228,1257,1485,0.8464646464646465,0.01559089104981147,0.8350367136336575
denoised,42,163,1206,1369,0.8809349890430972,0.014958325064496923,0.8499950386981544
denoised,43,150,1163,1313,0.8857578065498858,0.014424985116094463,0.8644200238142489
denoised,44,164,1104,1268,0.8706624605678234,0.013693193093867831,0.8781132169081167
denoised,45,142,987,1129,0.8742249778565102,0.012242012304028577,0.8903552292121453
denoised,46,120,950,1070,0.8878504672897196,0.011783091883310181,0.9021383210954554
denoised,47,95,849,944,0.899364406779661,0.010530363167295099,0.9126686842627505
denoised,48,77,777,854,0.9098360655737705,0.009637328835086327,0.9223060130978368
denoised,49,70,728,798,0.9122807017543859,0.009029569358999802,0.9313355824568366
denoised,50,72,618,690,0.8956521739130435,0.0076652113514586225,0.9390007938082952
denoised,51,55,622,677,0.9187592319054653,0.007714824369914665,0.9467156181782098
denoised,52,73,528,601,0.8785357737104825,0.006548918436197659,0.9532645366144075
denoised,53,57,454,511,0.8884540117416829,0.0056310775947608655,0.9588956142091684
denoised,54,49,462,511,0.9041095890410958,0.005730303631672951,0.9646259178408413
denoised,55,38,355,393,0.9033078880407125,0.004403155387973805,0.969029073228815
denoised,56,26,339,365,0.9287671232876712,0.004204703314149633,0.9732337765429647
denoised,57,34,294,328,0.8963414634146342,0.0036465568565191508,0.9768803333994839
denoised,58,27,223,250,0.892,0.0027659257789243896,0.9796462591784083
denoised,59,27,210,237,0.8860759493670886,0.0026046834689422505,0.9822509426473506
denoised,60,18,199,217,0.9170506912442397,0.0024682476681881327,0.9847191903155387
denoised,61,12,148,160,0.925,0.001835681682873586,0.9865548719984123
denoised,62,11,137,148,0.9256756756756757,0.0016992458821194682,0.9882541178805317
denoised,63,13,103,116,0.8879310344827587,0.001277535225243104,0.9895316531057748
denoised,64,13,105,118,0.8898305084745762,0.0013023417344711252,0.9908339948402459
denoised,65,14,86,100,0.86,0.0010666798968049216,0.9919006747370508
denoised,66,10,94,104,0.9038461538461539,0.0011659059337170074,0.9930665806707678
denoised,67,7,62,69,0.8985507246376812,0.0007690017860686644,0.9938355824568365
denoised,68,6,64,70,0.9142857142857143,0.0007938082952966859,0.9946293907521332
denoised,69,2,51,53,0.9622641509433962,0.0006325659853145465,0.9952619567374478
denoised,70,5,41,46,0.8913043478260869,0.0005085334391744394,0.9957704901766222
denoised,71,2,29,31,0.9354838709677419,0.00035969438380631076,0.9961301845604286
denoised,72,1,37,38,0.9736842105263158,0.0004589204207183965,0.996589104981147
denoised,73,2,24,26,0.9230769230769231,0.0002976781107362572,0.9968867830918832
denoised,74,4,22,26,0.8461538461538461,0.00027287160150823574,0.9971596546933914
denoised,75,0,28,28,1.0,0.00034729112919230004,0.9975069458225837
denoised,76,1,28,29,0.9655172413793104,0.00034729112919230004,0.997854236951776
denoised,77,1,19,20,0.95,0.00023566183766620362,0.9980898987894422
denoised,78,1,18,19,0.9473684210526315,0.0002232585830521929,0.9983131573724944
denoised,79,1,10,11,0.9090909090909091,0.00012403254614010717,0.9984371899186345
denoised,80,1,12,13,0.9230769230769231,0.0001488390553681286,0.9985860289740026
denoised,81,0,11,11,1.0,0.00013643580075411787,0.9987224647747567
denoised,82,0,18,18,1.0,0.0002232585830521929,0.9989457233578088
denoised,83,1,8,9,0.8888888888888888,9.922603691208574e-05,0.9990449493947209
denoised,84,1,10,11,0.9090909090909091,0.00012403254614010717,0.999168981940861
denoised,85,1,6,7,0.8571428571428571,7.44195276840643e-05,0.9992434014685451
denoised,86,1,10,11,0.9090909090909091,0.00012403254614010717,0.9993674340146852
denoised,87,0,7,7,1.0,8.682278229807501e-05,0.9994542567969833
denoised,88,0,6,6,1.0,7.44195276840643e-05,0.9995286763246674
denoised,89,0,1,1,1.0,1.2403254614010717e-05,0.9995410795792814
denoised,90,0,2,2,1.0,2.4806509228021434e-05,0.9995658860885094
denoised,91,1,5,6,0.8333333333333334,6.201627307005359e-05,0.9996279023615794
denoised,92,0,8,8,1.0,9.922603691208574e-05,0.9997271283984914
denoised,93,3,5,8,0.625,6.201627307005359e-05,0.9997891446715614
denoised,94,1,2,3,0.6666666666666666,2.4806509228021434e-05,0.9998139511807894
denoised,95,0,5,5,1.0,6.201627307005359e-05,0.9998759674538594
denoised,96,0,2,2,1.0,2.4806509228021434e-05,0.9999007739630874
denoised,97,1,4,5,0.8,4.961301845604287e-05,0.9999503869815435
denoised,98,0,3,3,1.0,3.720976384203215e-05,0.9999875967453855
denoised,99,0,1,1,1.0,1.2403254614010717e-05,0.9999999999999996
