domain,template_id,template_norm,background_count,signed_score_mean,signed_score_std,signed_score_max,first_peel_win_count,background_count_gt_8,background_count_gt_9,background_count_gt_10,background_count_gt_10.75
raw_native,0,10.240506,4096,-0.03920127954916097,2.416717735484478,17.112695693969727,15,28,21,18,15
raw_native,1,16.821054,4096,0.0002516206332074944,1.3987155577466777,6.466970920562744,0,0,0,0,0
raw_native,2,10.927668,4096,0.005954441960966506,2.6163751002239746,15.491352081298828,32,41,26,20,11
raw_native,3,14.855202,4096,-0.0027409819981585315,2.362873018196243,16.767627716064453,184,33,26,16,13
raw_native,4,15.402606,4096,-0.04949679762648884,2.331846286443351,18.831653594970703,142,23,19,12,9
raw_native,5,14.708672,4096,0.0024420063755314914,2.518893253041808,15.317708015441895,264,32,26,18,15
raw_native,6,12.419689,4096,-0.008519710645487066,2.434293915611926,17.447593688964844,62,31,25,19,16
raw_native,7,16.096567,4096,0.003664109255623771,1.426579173445525,8.370325088500977,0,1,0,0,0
raw_native,8,28.819563,4096,0.03187703548610443,1.8275863834935946,25.796741485595703,525,7,5,4,4
raw_native,9,7.6535416,4096,-0.014397455677681137,2.618455386245568,12.401619911193848,0,9,1,1,1
raw_native,10,11.126414,4096,0.015007728195087111,2.4834968421893078,15.129135131835938,159,24,15,12,9
raw_native,11,7.94163,4096,-0.05130672108316503,2.5838433284913207,11.565326690673828,1,12,6,2,1
raw_native,12,12.756005,4096,0.03729296261190029,2.2302398859663457,17.74858283996582,22,29,21,16,14
raw_native,13,10.166357,4096,0.025117880886682542,2.6708118916879275,20.442956924438477,6,37,29,20,15
raw_native,14,13.910418,4096,0.0046856353437760845,2.275748667188653,18.543733596801758,66,24,17,15,9
raw_native,15,25.094034,4096,0.005573193362579332,2.3271327721662733,27.000076293945312,1271,21,19,13,13
raw_native,16,18.482227,4096,0.07939488399097172,2.3010523934337277,19.312782287597656,395,30,23,18,15
raw_native,17,10.516468,4096,0.06353499729448231,2.2530371901330044,21.793434143066406,38,31,21,17,16
raw_native,18,23.196402,4096,0.048574524922514684,2.223217133825041,23.465106964111328,1225,21,16,12,10
raw_native,19,11.350224,4096,-0.04317819709467585,2.3441583031148356,25.760528564453125,13,28,22,17,15
raw_native,20,8.834953,4096,-0.048229177729808725,2.0736870761034303,9.588883399963379,1,3,1,0,0
raw_native,21,28.432814,4096,0.02724929675605381,2.213264897050392,38.56715393066406,1890,21,14,8,7
raw_native,22,26.046862,4096,-0.008336930093719275,2.4948255463554,36.60722732543945,75,17,15,15,13
raw_native,23,42.971863,4096,-0.011929004354897188,2.311057661714844,44.575618743896484,9652,14,11,10,10
raw_native,24,10.232094,4096,0.06791279206481704,2.567604427533544,23.65485382080078,26,47,34,23,18
raw_native,25,7.772323,4096,-0.02120208489941433,2.4560701541373344,8.84544563293457,0,2,0,0,0
raw_native,26,15.471944,4096,-0.007748900974547723,2.667246347172245,20.0546875,376,48,36,33,26
raw_native,27,11.099147,4096,0.016402401497543906,2.545797810002604,20.480438232421875,22,41,26,20,17
raw_native,28,10.436638,4096,-0.023462826631657663,2.492562723732652,26.988584518432617,25,31,21,16,14
raw_native,29,24.371153,4096,-0.019579545176384272,2.3889237572167366,27.96072006225586,658,27,19,15,12
raw_native,30,11.953901,4096,0.021229286276138737,2.678333957688777,17.597021102905273,137,50,43,32,28
raw_native,31,17.96944,4096,0.025868261163850548,2.3367235454721453,21.675060272216797,222,38,24,18,11
raw_native,32,10.970305,4096,0.05502664831146831,2.636188449427733,21.6082763671875,74,47,35,27,23
raw_native,33,11.509266,4096,0.03722632412063831,2.4825772200812346,14.73992919921875,48,33,24,17,15
raw_native,34,8.692905,4096,-0.01618101542317163,2.1361610298540903,17.27368927001953,0,27,24,21,21
raw_native,35,11.583505,4096,0.014141606603516266,2.6969172658754577,23.680692672729492,51,51,42,35,30
raw_native,36,20.846596,4096,0.011959220431890571,2.2677113279450007,21.576393127441406,527,30,22,18,14
raw_native,37,18.63829,4096,-0.008697057392055285,2.2723974882571896,19.144319534301758,223,35,27,23,15
raw_native,38,10.194508,4096,0.01146731230255682,2.6814644039240054,26.845178604125977,47,49,34,21,14
raw_native,39,18.97709,4096,-0.0025068798277061433,2.5760743233164334,21.724437713623047,255,35,33,29,29
raw_native,40,24.138523,4096,-0.011493519723444479,2.755684940725436,28.075958251953125,4336,37,33,27,26
raw_native,41,7.900491,4096,-0.05319411766686244,2.7618804489592264,10.83252239227295,0,13,3,2,2
raw_native,42,24.026554,4096,0.007537808340202901,2.3659202491978686,29.81598663330078,2376,27,20,18,15
raw_native,43,10.074553,4096,0.053980697401129873,2.6785563466977953,14.41862678527832,21,41,21,12,9
raw_native,44,11.616783,4096,0.027179998833616992,2.6234453480695437,27.816417694091797,46,37,25,23,19
raw_native,45,12.427287,4096,0.04195513041122467,2.383811792515608,15.06015682220459,164,25,19,14,11
raw_native,46,7.8513,4096,-0.0575271354537108,2.7332315049146905,10.481748580932617,0,14,3,1,0
raw_native,47,10.206763,4096,0.05785076921893051,2.511393017703341,14.875227928161621,68,33,26,9,7
raw_native,48,11.456717,4096,0.04667605821668985,2.5437444218378142,16.46621322631836,184,27,20,12,11
raw_native,49,8.056502,4096,0.022087059509136253,2.5869842463182646,10.17396068572998,0,4,2,1,0
raw_native,50,10.102987,4096,-0.030606133936089464,2.4383898933896964,13.820720672607422,16,24,13,5,5
raw_native,51,12.426981,4096,0.008793336111921235,2.003715486892607,13.678348541259766,100,15,9,5,2
raw_native,52,10.683422,4096,-0.05143516750467825,2.176983647177721,12.896577835083008,41,8,4,2,1
raw_native,53,11.052296,4096,0.0190997225981846,2.455243821622749,16.90492820739746,141,42,26,18,13
raw_native,54,7.5054555,4096,0.028259603943297407,2.552214331888276,11.55020523071289,0,10,5,1,1
raw_native,55,23.3602,4096,-0.01675999987855903,2.1602523802412366,15.086859703063965,273,14,10,7,4
raw_native,56,13.303925,4096,-0.029052407313429285,2.1381947367891803,13.65096378326416,146,12,8,5,5
raw_native,57,10.700784,4096,0.01532083012352814,2.512372510874318,14.406225204467773,25,27,18,12,11
raw_native,58,8.736312,4096,-0.06826586346596741,2.224627347080376,12.136208534240723,5,7,2,1,1
raw_native,59,8.176947,4096,0.03752069461916108,2.8826353855967617,16.3709659576416,0,24,10,4,2
raw_native,60,12.628203,4096,-0.028230178242665716,2.474929258547242,17.657686233520508,96,35,29,19,13
raw_native,61,10.64154,4096,-0.03334577177884057,2.2811545594827485,19.63457679748535,22,20,15,13,11
raw_native,62,10.174636,4096,-0.08893538192023698,2.265514848291424,15.11783504486084,4,13,11,8,7
raw_native,63,14.3500185,4096,0.026341638833400793,2.69274916760856,20.444171905517578,491,39,31,25,20
raw_native,64,11.811072,4096,-0.04247549708816223,2.2412737735407156,14.520679473876953,50,21,20,13,10
raw_native,65,19.130898,4096,-0.06528469527256675,2.2874640734893066,23.041828155517578,1116,23,18,12,11
raw_native,66,13.420185,4096,-0.01584898943110602,2.5951492123981716,18.13688850402832,288,43,35,24,17
raw_native,67,7.527701,4096,0.031153451211139327,2.5406009628233703,10.160050392150879,0,3,1,1,0
raw_native,68,25.228926,4096,-0.0018900602863141103,1.932867960229001,21.240083694458008,192,11,11,10,8
raw_native,69,18.50151,4096,-0.005218879654421471,1.78316384705824,17.07491111755371,470,8,6,6,6
raw_native,70,16.71142,4096,0.003119466386124259,1.7139663435671257,19.195053100585938,523,9,9,8,8
raw_native,71,9.035764,4096,-0.034045561606035335,2.549842162267615,15.667519569396973,29,26,15,11,7
raw_native,72,8.693653,4096,0.03351416514306038,2.6671496401289683,12.372676849365234,0,10,4,2,2
raw_native,73,17.485342,4096,-0.0006824904066888848,2.1740936332931846,19.06475257873535,669,19,16,14,14
raw_native,74,26.51128,4096,-0.018367055476119276,1.9886567102769839,26.125612258911133,1317,9,6,2,2
raw_native,75,9.962641,4096,-0.0037490082286240067,2.404729930632491,14.017131805419922,17,24,19,15,15
raw_native,76,10.5858755,4096,-0.04610742524619127,2.4041638025116354,22.04817008972168,67,27,15,11,7
raw_native,77,8.888042,4096,0.043925289173330384,2.0667876933016798,10.663025856018066,0,5,3,2,0
raw_native,78,10.386142,4096,-0.00968153377471026,2.1396882809659523,11.232471466064453,8,7,2,1,1
raw_native,79,21.62694,4096,-0.042267916636774316,2.0879046879300462,20.18328285217285,142,12,2,2,1
raw_native,80,17.883085,4096,-0.04087043811523472,1.9864396946632938,17.30249786376953,124,6,2,2,2
raw_native,81,9.8733,4096,-0.06281997969927033,2.3118793990955733,17.370201110839844,30,15,7,3,1
raw_native,82,8.925725,4096,0.04542140013654716,2.149277027917657,8.470343589782715,0,2,0,0,0
raw_native,83,11.135092,4096,-0.03493979790891899,2.28652734777086,14.461386680603027,70,19,15,10,7
raw_native,84,8.493191,4096,-0.015435957415320445,2.3181615149692254,8.919210433959961,1,3,0,0,0
raw_native,85,12.921949,4096,0.07122338477574885,1.7825241874433717,11.180448532104492,11,6,4,3,2
raw_native,86,10.742826,4096,0.026086766644766612,2.277533691319583,16.723976135253906,84,25,18,12,8
raw_native,87,9.217819,4096,-0.060566488893528,2.3081376531236693,19.55909538269043,2,12,9,8,8
raw_native,88,18.604046,4096,0.011692405602389044,2.0966623862712663,31.614606857299805,42,12,10,9,9
raw_native,89,48.103176,4096,0.014947659505196498,2.2971679353933547,38.42915725708008,349,16,14,12,12
raw_native,90,26.252367,4096,-0.06807513159583323,2.2372615460794574,41.37320327758789,39,10,6,6,6
raw_native,91,27.085333,4096,-0.0006863362286821939,2.20794204831871,38.176673889160156,923,16,13,13,12
raw_native,92,24.117441,4096,0.03596892978384858,2.280945992089101,34.927974700927734,383,15,14,14,13
raw_native,93,9.439836,4096,0.04930175812114612,2.327386775820973,29.022899627685547,49,20,14,12,11
raw_native,94,8.816992,4096,-0.0797448573548536,2.123287050244224,17.7262020111084,0,9,7,5,5
raw_native,95,8.815003,4096,0.022241528902668506,1.5944396882276035,8.915091514587402,0,1,0,0,0
raw_native,96,8.960187,4096,0.06582798971794546,1.7909492634301207,13.50745677947998,0,5,2,2,2
raw_native,97,9.976379,4096,0.060151851999762584,2.0743981187594125,26.3265438079834,11,15,12,12,12
raw_native,98,7.893142,4096,-0.04763582460418547,1.9210661828765916,11.3867826461792,0,1,1,1,1
raw_native,99,9.163475,4096,0.03095445680355624,1.9103943571939186,8.727370262145996,0,2,0,0,0
raw_native,100,9.435155,4096,0.07690810597341624,1.8393765465600447,9.585798263549805,4,4,1,0,0
raw_native,101,0.7706299,4096,0.04088847689877184,1.7311110974811608,6.078378677368164,1,0,0,0,0
raw_native,102,1.2253246,4096,-0.011078569194069132,1.4517002599694266,5.016855239868164,0,0,0,0,0
raw_native,103,1.022041,4096,-0.06228632022430247,1.9449453075237144,6.326282501220703,0,0,0,0,0
raw_native,104,0.6493129,4096,-0.017954448941964074,1.7524238631318916,6.715921401977539,0,0,0,0,0
raw_native,105,1.485681,4096,0.025049299343663733,1.8410464753037827,9.634455680847168,0,1,1,0,0
raw_native,106,25.353779,4096,0.040562585283623775,1.2276222106906827,4.9712114334106445,25,0,0,0,0
raw_native,107,9.086892,4096,0.04716301479311369,2.0255763891754235,8.052790641784668,0,2,0,0,0
raw_native,108,9.919704,4096,-0.05444680429854998,1.8240923736578583,6.757885456085205,2,0,0,0,0
raw_native,109,9.192207,4096,0.0330037422645546,1.8922408530041894,7.5448198318481445,0,0,0,0,0
raw_native,110,8.800816,4096,-0.03486291064109537,1.9107834112073632,8.28108024597168,0,1,0,0,0
raw_native,111,8.953336,4096,-0.03984501785998873,1.855055762532145,9.542484283447266,0,1,1,0,0
raw_native,112,17.90284,4096,-0.032851436998498684,1.7026581976502801,6.485174655914307,1002,0,0,0,0
raw_native,113,26.717897,4096,-0.036190776058901974,1.1078451510042109,3.9225611686706543,25,0,0,0,0
raw_native,114,9.240682,4096,0.046841669816785725,1.8216894721868302,7.7068867683410645,0,0,0,0,0
raw_native,115,10.515033,4096,-0.0030205873904378677,1.6902103738493777,10.148384094238281,15,1,1,1,0
raw_native,116,10.391515,4096,0.003468998436801485,1.6844969644031222,11.902230262756348,17,3,2,1,1
raw_native,117,8.99995,4096,0.06482762253654073,1.9844540755079068,8.292088508605957,0,2,0,0,0
raw_native,118,9.230197,4096,-0.061496927742837215,1.9487238194128607,10.288742065429688,0,2,1,1,0
raw_native,119,8.281024,4096,-0.04019078318742686,2.064356019767494,9.276471138000488,0,1,1,0,0
raw_native,120,8.426049,4096,0.04012263847835129,2.1150550546184723,10.51181697845459,2,3,2,2,0
raw_native,121,9.440336,4096,-0.030028269020476728,1.523637124373649,7.4243364334106445,0,0,0,0,0
raw_native,122,9.9622555,4096,-0.02557207463632949,1.9156355712023811,10.804666519165039,2,7,2,1,1
raw_native,123,8.942006,4096,-0.02642185178137879,2.052313420310201,11.356745719909668,0,5,3,1,1
raw_native,124,25.60488,4096,0.003972216205511359,1.393582161226707,7.149145603179932,4611,0,0,0,0
raw_native,125,8.955391,4096,0.030035637730179587,2.0461488646208736,12.296154022216797,0,3,2,2,1
raw_native,126,8.531846,4096,0.0151240881987178,2.0394581138358356,9.929469108581543,1,2,1,0,0
raw_native,127,8.767511,4096,-0.016745020632242813,2.0001775726502857,22.005144119262695,33,15,15,11,10
raw_native,128,20.110157,4096,-0.02718732759331033,1.9540403360188998,22.394624710083008,1035,13,11,10,10
raw_native,129,21.103178,4096,-0.039929166629917745,1.6150522412934365,7.665162086486816,11,0,0,0,0
raw_native,130,9.167273,4096,-0.030408794551476603,1.9795534004122062,22.35071563720703,16,16,11,11,10
raw_native,131,12.580477,4096,-0.012421414075561188,1.8374792329237393,21.037532806396484,49,9,7,4,4
raw_native,132,8.251831,4096,0.04295332199399127,1.9359252139745908,10.846907615661621,0,4,3,1,1
raw_native,133,9.697258,4096,0.057681130867422326,1.901137802603398,11.877674102783203,1,8,5,3,2
raw_native,134,9.47724,4096,0.07436690381655353,2.165415341156647,11.950303077697754,1,12,6,4,2
raw_native,135,9.216547,4096,-0.06957268037149333,2.0036936254554667,8.699853897094727,7,3,0,0,0
raw_native,136,18.019531,4096,0.01658341097208904,1.3251544840169056,9.917336463928223,2,2,1,0,0
raw_native,137,27.334684,4096,-0.0660383034737606,1.7311736222936025,7.221603870391846,78,0,0,0,0
raw_native,138,34.252026,4096,-0.04449457968985371,1.5606804786811066,7.335155487060547,611,0,0,0,0
raw_native,139,23.527782,4096,-0.020307937670622778,1.3099662130201657,7.693893909454346,0,0,0,0,0
raw_native,140,9.696554,4096,0.06295959693670738,2.1819667395005626,11.296881675720215,6,9,7,2,2
raw_native,141,10.001221,4096,-0.06790008141251747,2.0277532186488876,11.349071502685547,29,8,3,2,1
raw_native,142,10.258757,4096,0.06863882193283644,2.0384133453369446,11.914434432983398,5,16,9,5,2
raw_native,143,11.372534,4096,-0.029036602279120416,2.001401542375282,13.38459587097168,47,9,4,4,1
raw_native,144,9.523481,4096,0.042799051421752665,2.1805627788077215,9.8239107131958,1,6,2,0,0
raw_native,145,12.358137,4096,-0.029291574355738703,2.283524530009962,13.625229835510254,23,30,26,20,15
raw_native,146,13.61667,4096,-0.0010892160535149742,2.1883407264101455,16.241268157958984,110,31,21,15,11
raw_native,147,10.319593,4096,0.05343558091772138,1.9440237117014663,12.069395065307617,9,13,7,4,2
raw_native,148,33.014027,4096,-0.018891270592575893,1.634414447547255,9.13101863861084,1014,3,1,0,0
raw_native,149,10.922953,4096,0.019118062817142345,2.1230447571846334,14.79896068572998,55,21,17,15,12
raw_native,150,9.373845,4096,-0.03971956073291949,2.1023691465386682,13.040765762329102,29,10,5,2,2
raw_native,151,8.986237,4096,-0.028651434588937263,2.127505739750889,11.794947624206543,8,8,6,5,3
raw_native,152,9.94293,4096,0.03028536117153635,1.9235266256052574,10.292198181152344,5,11,4,2,0
raw_native,153,10.177148,4096,0.017419820935174357,1.5203086153875396,7.940084457397461,0,0,0,0,0
raw_native,154,9.289014,4096,0.013356572284465074,2.2197496118824995,9.632290840148926,3,5,2,0,0
raw_native,155,9.427486,4096,-0.016117750928970054,1.6005244642467886,6.049916744232178,0,0,0,0,0
raw_native,156,8.822773,4096,0.017168133670111274,2.276693883826244,10.213048934936523,1,7,3,3,0
raw_native,157,8.710564,4096,-0.016876559897355037,2.298559009665764,9.341573715209961,0,6,3,0,0
raw_native,158,8.550637,4096,-0.041479144943878055,2.29357184686136,10.560500144958496,1,5,1,1,0
raw_native,159,21.370861,4096,-0.019241122783569153,1.2075417112883065,6.359302997589111,4,0,0,0,0
raw_native,160,24.19855,4096,0.017871320656922762,1.1834458829736716,4.8556342124938965,4,0,0,0,0
raw_native,161,9.017222,4096,0.02921892988933905,2.239732404248094,8.895891189575195,2,2,0,0,0
raw_native,162,8.231459,4096,-0.05490780542822904,2.331058220286076,9.36220645904541,1,4,2,0,0
raw_native,163,8.154973,4096,0.056751108892058255,2.3157325316264084,9.680134773254395,0,3,3,0,0
raw_native,164,14.077687,4096,0.050169050140539184,1.8705214270046544,6.613498210906982,1,0,0,0,0
raw_native,165,8.006026,4096,-0.03312911677676311,2.4073730550476116,9.689976692199707,0,2,1,0,0
raw_native,166,8.450267,4096,0.02683447422896279,2.3563392744630467,9.995590209960938,1,4,1,0,0
raw_native,167,15.844108,4096,-0.04518378056309302,2.1235697830084854,9.071510314941406,9,2,1,0,0
raw_native,168,8.107653,4096,-0.001661939935729606,2.455664028695476,9.699675559997559,4,4,1,0,0
raw_native,169,9.160819,4096,-0.002002461042138748,2.3822298281699643,10.860085487365723,2,7,2,1,1
raw_native,170,9.854196,4096,-0.03444009640770673,1.4565048426690517,7.287409782409668,0,0,0,0,0
raw_native,171,9.909,4096,-0.013692880297867305,2.0230643019389607,7.047958850860596,24,0,0,0,0
raw_native,172,24.022669,4096,-0.0008625084283266915,2.249032663701042,11.971563339233398,83,4,4,2,2
raw_native,173,8.700314,4096,-0.00380937086083577,2.763717504036026,13.75085163116455,0,20,12,5,3
raw_native,174,8.1113825,4096,-0.011228124437366205,2.6374259281618824,11.747884750366211,1,14,3,2,2
raw_native,175,9.733138,4096,0.013356961957470048,3.126382436353853,15.80215072631836,7,53,38,20,15
raw_native,176,22.517775,4096,0.010803125325764995,1.6830795112174466,17.802949905395508,1488,4,3,3,3
raw_native,177,8.855419,4096,-0.020596376198227517,2.954643390764367,14.744007110595703,5,31,21,16,12
raw_native,178,14.810432,4096,0.013845481884345645,2.193287959740835,16.165393829345703,301,23,17,12,10
raw_native,179,17.32415,4096,-0.06309898970175709,2.3630495601306225,18.85320472717285,172,22,16,11,9
raw_native,180,9.636421,4096,0.028762611727870535,3.4355324535335967,18.165821075439453,2,79,57,45,40
raw_native,181,8.945015,4096,-0.038156074082507985,3.188090125016611,22.931840896606445,4,61,42,34,26
raw_native,182,25.935928,4096,-0.01645933532563504,3.4963804867656925,39.717952728271484,10420,55,49,47,45
raw_native,183,9.421333,4096,0.0004910018851660425,1.897034471509182,9.440637588500977,1,4,1,0,0
raw_native,184,19.264542,4096,-0.005273776638205163,2.6574399951032768,18.93235206604004,15,42,32,27,23
raw_native,185,14.971927,4096,-0.014989081417297712,2.8183816715251604,20.66329574584961,40,54,45,41,35
raw_native,186,20.172653,4096,-0.0481340336627909,2.168557002765112,18.934391021728516,129,23,10,3,2
raw_native,187,38.89565,4096,-0.006725238481521956,3.0778096347313904,25.4285888671875,239,68,60,55,52
raw_native,188,17.275776,4096,-0.007114728956366889,2.8205543159698054,21.33507537841797,71,69,53,43,33
raw_native,189,12.6813545,4096,-0.025643091968959197,2.383706089256468,19.269378662109375,29,43,31,24,22
raw_native,190,16.978931,4096,-0.03177801570564043,3.08302084412756,24.015356063842773,61,53,44,38,35
raw_native,191,11.336693,4096,-0.047440903035749216,2.685540491934524,15.229290008544922,1,53,31,23,19
raw_native,192,25.661415,4096,-0.005979221150482772,2.918670842514294,29.868698120117188,4465,51,42,34,31
raw_native,193,11.031661,4096,0.009822973494010512,3.571905599790011,20.754467010498047,2,79,59,41,27
raw_native,194,12.930688,4096,0.02174463835217466,3.255457337514859,21.908674240112305,0,80,60,42,31
raw_native,195,20.026966,4096,-0.013202353546148515,2.6143235667873035,18.110326766967773,36,39,32,24,19
raw_native,196,11.815123,4096,-0.04072089690089342,2.9332654720283506,19.824316024780273,9,48,32,24,19
raw_native,197,12.420823,4096,-0.0053312736890802626,3.2743484202115885,23.024667739868164,4,78,61,50,40
raw_native,198,12.361739,4096,0.01128965675161453,2.303323133108532,19.444530487060547,2,45,27,18,15
raw_native,199,13.015943,4096,-0.02926065358587948,2.484205629136484,17.685848236083984,34,56,43,30,27
raw_native,200,13.841578,4096,0.0017212457496498246,3.0233283873061683,22.107851028442383,147,69,52,45,40
raw_native,201,10.612528,4096,0.009820151590247406,3.4837711589958387,28.391407012939453,39,102,86,72,61
raw_native,202,13.923481,4096,-0.042549993020656984,2.39520526515893,12.627339363098145,8,41,32,20,16
raw_native,203,10.82516,4096,-0.04091152201363002,2.431384821834321,16.79173469543457,1,39,29,24,20
raw_native,204,21.936087,4096,0.024453032725432422,2.752872333863105,21.016340255737305,3,70,55,47,39
raw_native,205,12.524056,4096,-0.04062423850700725,2.8857217798014405,27.235090255737305,14,60,48,39,27
raw_native,206,25.698973,4096,-0.026077390449245286,3.0005555297264226,30.669010162353516,7453,48,41,38,37
raw_native,207,15.913079,4096,-0.041509948689963494,2.6192862604612173,27.094430923461914,27,46,38,29,25
raw_native,208,31.01687,4096,0.030743487542736148,3.004133211870454,32.305484771728516,246,63,47,38,33
raw_native,209,10.65978,4096,-0.03227774831975694,3.0920304934068206,20.742612838745117,2,68,49,36,29
raw_native,210,21.844328,4096,0.013569707335591374,2.980151239304351,25.867116928100586,30,83,72,63,48
raw_native,211,12.915105,4096,0.025256530709157232,3.66321474233458,22.780942916870117,2,78,58,40,30
raw_native,212,16.38891,4096,0.010539519912526885,2.8501553102876467,22.264373779296875,15,66,55,38,34
raw_native,213,22.875408,4096,-0.0024613333262095693,2.7085417305164756,31.047788619995117,969,62,52,46,40
raw_native,214,23.787521,4096,0.001458030395951937,2.604391701835541,23.916189193725586,910,64,49,42,37
raw_native,215,12.554283,4096,-0.013512867870304035,2.920338520205906,18.400110244750977,26,83,70,56,48
raw_native,216,22.634453,4096,0.036646214884967776,3.008494294565819,24.263858795166016,2382,79,64,55,47
raw_native,217,11.18857,4096,-0.0006395235905074514,3.2936582242380403,31.40852928161621,66,98,79,59,53
raw_native,218,32.99923,4096,-0.05179548113665078,3.18972571954175,24.837257385253906,461,79,64,54,50
raw_native,219,30.025826,4096,0.0036292681197664933,2.7850479285221095,34.982322692871094,6202,51,39,33,28
raw_native,220,11.707875,4096,-0.00535103523543512,2.8145893753841715,30.63728141784668,14,61,42,30,27
raw_native,221,17.810545,4096,-0.03710041249451024,2.340419100144272,27.84728240966797,27,31,27,21,19
raw_native,222,16.368431,4096,-0.014916857068783429,2.8993662161720293,32.939334869384766,117,78,59,40,34
raw_native,223,19.445387,4096,0.02525136606709566,2.5383003597632388,21.15465545654297,209,51,40,30,26
raw_native,224,24.70066,4096,-0.011947464318836865,2.8038704194373185,28.258230209350586,13,62,49,42,34
raw_native,225,12.997911,4096,0.005729191465434269,2.9222222375344837,25.53057861328125,2,69,59,52,51
raw_native,226,31.601118,4096,-0.0472435623992169,2.5598350438761046,36.432373046875,581,33,31,25,21
raw_native,227,14.183398,4096,-0.05607578367107635,3.125107239153433,23.075157165527344,79,94,78,61,51
raw_native,228,24.413687,4096,0.013424974658846622,2.552650127817558,27.763322830200195,27,62,42,32,25
raw_native,229,12.975585,4096,-0.02341426687235071,2.839033330686955,29.521839141845703,17,69,53,43,33
raw_native,230,14.4205885,4096,-0.02814184442831902,2.67658041194471,31.8150634765625,60,59,44,30,28
raw_native,231,15.0587845,4096,0.003944247808249202,2.6808910586820267,27.820026397705078,1,69,52,38,27
raw_native,232,23.546656,4096,-0.04749265501595801,3.1455056874242264,29.570859909057617,312,73,59,54,49
raw_native,233,12.476809,4096,0.018167286947118555,2.955236666491912,25.956342697143555,15,81,64,54,40
raw_native,234,14.391728,4096,-0.0011720357215381227,3.456979134925365,29.489913940429688,27,110,87,70,57
raw_native,235,40.443714,4096,-0.04369874508211069,2.651885462853654,39.796085357666016,4372,27,23,21,19
raw_native,236,16.537798,4096,0.007851631848097895,2.59957341303681,25.982553482055664,186,51,45,35,34
raw_native,237,47.44424,4096,-0.011860746018101054,2.6325826156993775,45.28420639038086,5138,36,27,20,19
raw_native,238,26.723047,4096,-0.050203622708067996,2.6014444567707184,23.063085556030273,3959,61,50,38,34
raw_native,239,39.727715,4096,-0.025321382490801625,2.921888832075725,33.94711685180664,542,61,56,50,45
raw_native,240,29.133566,4096,0.08091224188319757,2.8488989082706437,24.613929748535156,191,108,98,83,75
raw_native,241,20.571688,4096,0.04170829323174985,2.5004299751338244,17.510526657104492,124,81,69,41,26
raw_native,242,28.007051,4096,0.054910842751723976,3.0322379116005433,23.331064224243164,130,108,83,62,50
raw_native,243,34.722057,4096,-0.003062698589019419,3.1294684794966665,37.893470764160156,157,82,73,63,54
raw_native,244,10.902689,4096,-0.0026688471334637143,2.977229543074753,22.07782745361328,3,88,61,36,29
raw_native,245,27.259638,4096,0.05014251139436965,2.729328147738403,25.04279899597168,118,96,77,65,50
raw_native,246,18.230438,4096,0.03333700687653618,2.3395147285353453,21.379810333251953,1,59,44,34,29
raw_native,247,13.967285,4096,0.01851140210783342,3.1099529330927687,30.530275344848633,142,99,74,54,50
raw_native,248,13.731796,4096,-0.050128504903113935,2.985913020741569,22.409286499023438,35,88,66,49,40
raw_native,249,23.800632,4096,0.019366431972230203,2.8243865553090064,28.46002769470215,16,96,67,50,39
raw_native,250,32.532425,4096,0.09169917525287019,2.693141716325831,23.747682571411133,131,95,78,75,65
raw_native,251,37.756016,4096,-0.040850336981748114,2.938448824419902,26.86770248413086,249,72,57,47,42
raw_native,252,17.415936,4096,-0.040226082361186855,2.5151083501172278,21.15972328186035,557,56,46,36,30
raw_native,253,28.260607,4096,0.08216383447506814,2.8913525065861485,28.05234146118164,60,105,84,74,62
raw_native,254,15.233205,4096,0.010684304719688953,2.7502466125363387,18.925697326660156,6,75,50,36,25
raw_native,255,12.277387,4096,0.0528972615920793,2.6092766197154442,19.424943923950195,24,94,72,48,35
raw_native,256,11.280379,4096,-0.026286625427019317,2.919150678647826,20.44723892211914,3,67,47,35,27
raw_native,257,17.304796,4096,-0.030380784910903458,2.863977710275521,32.22721862792969,241,55,44,39,35
raw_native,258,21.3216,4096,0.04325846947176615,2.7410750098392613,33.81610870361328,1318,73,55,45,34
raw_native,259,25.3061,4096,-0.04931170369673055,2.610682599489229,26.352807998657227,4255,61,48,43,35
raw_native,260,20.826561,4096,0.003714706248501898,2.546516293915417,28.574840545654297,2354,52,46,35,27
raw_native,261,11.9712515,4096,0.01655318973280373,2.8418273134476912,21.198074340820312,17,63,51,43,32
raw_native,262,15.710307,4096,-0.003084470492467517,2.706183148366508,26.626874923706055,267,51,42,38,30
raw_native,263,15.249281,4096,0.046988543628685875,2.7400221994316087,32.668155670166016,135,56,39,32,29
raw_native,264,20.121758,4096,-0.006726913314196281,3.0471476053669417,21.72165298461914,39,92,64,46,35
raw_native,265,17.45378,4096,0.04020016405866045,2.5086983464619457,19.008892059326172,226,61,42,35,28
raw_native,266,24.397532,4096,-0.004179545172519283,3.1507574570377006,25.99713706970215,88,105,84,63,57
raw_native,267,19.550213,4096,0.019288403176688007,3.110639964958669,22.963502883911133,34,89,63,48,38
raw_native,268,18.33205,4096,-0.0035058102585026063,2.627157523120249,20.1717586517334,222,60,45,34,29
raw_native,269,22.205229,4096,0.003611189436924178,2.8099494213424445,21.471771240234375,66,63,40,32,28
raw_native,270,12.58016,4096,-0.0020535586427286034,2.90288627972003,20.07798957824707,50,93,67,52,42
raw_native,271,11.111408,4096,0.0024569026154495077,2.7871248563204936,29.46005630493164,26,70,46,33,26
raw_native,272,13.696372,4096,-0.01598694234417053,2.993085896632674,25.495729446411133,63,76,61,53,42
raw_native,273,16.189508,4096,0.04084091102868115,2.5424552691609286,22.318740844726562,2482,64,61,59,53
raw_native,274,29.58823,4096,-0.029561737343101413,2.8863044430589477,30.85310935974121,11797,48,43,36,33
raw_native,275,32.957893,4096,0.005630651059618685,2.6465274338398106,37.75510787963867,6424,42,31,28,23
raw_native,276,15.194066,4096,-0.007648535616226582,2.7900799137146306,24.3311824798584,67,69,48,43,35
raw_native,277,19.412453,4096,0.012495330662204651,2.546310624055099,19.553327560424805,477,61,46,32,28
raw_native,278,12.818472,4096,-0.008097903832094744,2.9093546861639124,21.106342315673828,36,84,59,40,37
raw_native,279,26.719177,4096,-0.004463202360057039,2.931204414628662,29.056884765625,73,77,67,58,51
raw_native,280,12.837303,4096,-0.016795710180304013,2.6278593264245296,16.8149356842041,7,63,47,35,29
raw_native,281,13.576098,4096,-0.013035541929639294,2.5696367073911364,21.458009719848633,48,58,48,42,37
raw_native,282,21.571846,4096,0.007829854193914798,2.393402151912319,19.2853946685791,559,52,40,28,24
raw_native,283,14.828403,4096,0.007736121602647472,2.7184646256474254,22.666563034057617,167,67,52,44,38
raw_native,284,11.940803,4096,0.014720840531253998,2.7451919072569892,19.67806625366211,41,79,62,48,42
raw_native,285,12.692983,4096,-0.009685442713816883,2.7449036920262886,23.72870635986328,50,61,45,39,30
raw_native,286,20.227343,4096,-0.011522785071974795,2.4925645818017723,31.409709930419922,1405,42,31,22,21
raw_native,287,20.045595,4096,0.013688276014590883,2.741592354486308,23.173357009887695,1044,67,59,46,39
raw_native,288,16.916842,4096,-0.006814206877606921,2.613555163509982,17.859922409057617,235,57,43,28,20
raw_native,289,19.316387,4096,-0.039334118973783916,2.66427515090672,21.017993927001953,469,58,43,24,18
raw_native,290,30.092838,4096,-0.0535829613943406,2.899108476604588,24.526466369628906,334,59,43,31,26
raw_native,291,17.633451,4096,-0.004378661895316327,1.8360230608329653,17.1190185546875,93,17,8,6,4
raw_native,292,13.450839,4096,-0.010514589876947866,2.9256379625884357,30.439830780029297,62,52,44,39,33
raw_native,293,11.377769,4096,-0.017121979721196112,2.782275006378271,18.295852661132812,14,66,45,32,23
raw_native,294,18.9479,4096,-0.04427724283777934,2.822633261435191,24.471704483032227,105,72,54,48,40
raw_native,295,14.3691025,4096,-0.032211199701123405,2.65834935542888,18.749231338500977,152,60,41,23,18
raw_native,296,13.3978195,4096,-0.06897661130687993,2.677327294297626,15.026999473571777,93,62,38,31,24
raw_native,297,13.479275,4096,-0.03898276717518456,2.542583767564546,19.024391174316406,42,43,33,23,20
raw_native,298,15.396377,4096,-0.0450187863134488,2.71170555865402,21.39197540283203,78,68,47,33,29
raw_native,299,22.992962,4096,-0.06189025459934783,2.5471168778204616,20.964235305786133,949,51,32,23,11
raw_native,300,27.041817,4096,-0.0849870345527961,3.200262113280283,24.53821563720703,144,85,69,51,41
raw_native,301,31.511375,4096,-0.004166843918937957,2.5619336183270884,35.95146179199219,14546,30,29,29,27
raw_native,302,17.939024,4096,-0.034408855928631965,2.7482882508557154,26.346406936645508,1510,53,46,42,34
raw_native,303,33.66821,4096,0.018707509074374684,2.7649304891662863,44.96791458129883,14647,32,25,24,23
raw_native,304,9.990694,4096,0.08774543848267058,2.877355126716636,14.037008285522461,0,49,28,17,11
raw_native,305,16.150076,4096,-0.009930155842994282,2.790157188126188,20.156713485717773,221,72,64,53,47
raw_native,306,11.926602,4096,-0.021660606685827588,2.728549772170172,18.135217666625977,29,60,45,32,28
raw_native,307,15.70961,4096,-0.06291813166353677,2.7042355766272643,23.90846061706543,49,57,46,38,30
raw_native,308,10.14953,4096,-0.04792066323716426,2.2631282717202286,16.214183807373047,3,30,19,12,7
raw_native,309,17.167484,4096,-0.08037207966361848,2.785182586238109,20.934268951416016,253,65,48,41,35
raw_native,310,11.462872,4096,-0.08709127146357787,2.5977989887667947,18.405498504638672,12,63,46,33,22
raw_native,311,13.105763,4096,-0.009472192794419243,2.4435712904176046,17.294469833374023,35,53,41,30,25
raw_native,312,14.112027,4096,-0.024213337728724582,1.8853904633813374,16.536733627319336,28,27,21,13,9
raw_native,313,14.423463,4096,-0.022011747948454286,2.7136898280913613,15.783679962158203,109,63,47,34,26
raw_native,314,12.35119,4096,-0.08513724507611187,2.828656314781926,23.73900032043457,50,54,51,42,39
raw_native,315,19.84466,4096,-0.07366300621470145,3.286365734695788,33.247276306152344,3019,79,61,54,50
raw_native,316,26.88362,4096,-0.048466135244325415,2.5453365765617186,30.23084831237793,3161,46,41,30,26
raw_native,317,11.828019,4096,-0.02159689455947955,2.2750492577095245,13.01773452758789,7,34,22,14,7
raw_native,318,29.985554,4096,-0.06445225974493951,2.613588536340053,25.516908645629883,93,47,37,33,29
raw_native,319,15.313662,4096,-0.044395419188731466,2.24977371689378,13.430434226989746,188,30,21,11,7
raw_native,320,21.287706,4096,-0.05468063179432647,2.3966622342219335,30.960691452026367,424,27,19,15,15
raw_native,321,11.984224,4096,-0.00019616823283286067,2.2034677949653907,13.214556694030762,41,22,16,12,7
raw_native,322,12.472529,4096,0.004912952177846819,2.415973129849759,13.407662391662598,18,33,25,17,9
raw_native,323,9.235123,4096,-0.0448834764683852,2.125612360170324,12.625126838684082,2,12,8,2,2
raw_native,324,18.753675,4096,-0.053191785318631446,2.0374257559098767,25.993587493896484,219,23,20,19,17
raw_native,325,14.878065,4096,-0.07053274779900676,2.3571914933764964,15.216135025024414,184,46,38,27,20
raw_native,326,13.509294,4096,-0.045931124448543414,2.812492456120503,21.097911834716797,36,55,41,27,24
raw_native,327,25.459923,4096,-0.06799716337263817,2.2892783340113083,28.708723068237305,1804,30,20,16,14
raw_native,328,29.36873,4096,-0.07832280082902798,2.8454187315332105,32.31167221069336,9459,49,40,32,28
raw_native,329,8.281905,4096,0.0026388046790088993,2.516322895873104,11.133095741271973,0,11,5,1,1
raw_native,330,14.518268,4096,-0.05551135110817995,1.9221309843003558,10.826144218444824,198,6,3,2,1
raw_native,331,9.742637,4096,0.03997717327365535,1.776030847952583,10.5905122756958,0,1,1,1,0
raw_native,332,9.730741,4096,-0.02656343497619673,1.955784166996628,10.013188362121582,3,11,1,1,0
raw_native,333,9.620075,4096,0.01572459179078578,2.4609583290278234,16.252573013305664,3,30,11,6,6
raw_native,334,14.869857,4096,-0.04805778866648325,2.2947453943160276,17.238615036010742,682,51,42,33,32
raw_native,335,8.267915,4096,-0.03831985157012241,2.2902632474280016,9.80453872680664,0,2,2,0,0
raw_native,336,10.881201,4096,-0.036865542027044285,1.5290857969210296,7.1202392578125,2,0,0,0,0
raw_native,337,10.364381,4096,-0.052930462361473474,1.5693993404334385,6.282442092895508,1,0,0,0,0
raw_native,338,8.457984,4096,0.045115759636246366,2.273264516456233,10.811948776245117,0,10,7,3,1
raw_native,339,8.147912,4096,0.06336044262570795,1.9787937940579798,7.58076286315918,0,0,0,0,0
raw_native,340,24.570232,4096,-0.047653606454332476,1.2630938103574585,4.691361427307129,3,0,0,0,0
raw_native,341,7.326943,4096,-0.0681153055033974,1.9942641363887972,8.815827369689941,0,1,0,0,0
raw_native,342,15.079862,4096,0.04476446090302488,1.4904725091696567,8.456955909729004,6,1,0,0,0
raw_native,343,9.137481,4096,0.05011857151203003,1.484307247540285,6.5990471839904785,0,0,0,0,0
raw_native,344,20.247108,4096,0.046573087962315185,1.249181611092198,4.232038974761963,4,0,0,0,0
raw_native,345,9.239812,4096,-0.04296527276710549,1.5108099842896598,6.7931928634643555,0,0,0,0,0
raw_native,346,7.208804,4096,-0.04089395876144408,1.8493593863728597,6.647443771362305,0,0,0,0,0
raw_native,347,9.033785,4096,0.031341408497610246,1.7989470243216956,6.286336898803711,2,0,0,0,0
raw_native,348,11.090259,4096,0.019963437740443624,1.8208943128087185,8.525822639465332,3,3,0,0,0
raw_native,349,8.734234,4096,-0.02740208273371536,1.7874288159222047,8.566717147827148,2,1,0,0,0
raw_native,350,10.941392,4096,0.0034910727590613533,1.4179078648485093,9.516203880310059,3,1,1,0,0
raw_native,351,9.941446,4096,-0.0016867299536897917,1.619156544312206,9.957775115966797,5,2,1,0,0
raw_native,352,13.190208,4096,0.0224899536351586,1.6711498210248965,8.699732780456543,23,2,0,0,0
raw_native,353,7.9725313,4096,0.022836312038634787,1.9073570964345175,22.671241760253906,1,7,5,5,5
raw_native,354,11.085972,4096,0.008099541933916043,2.1266009823744074,18.11268424987793,33,26,19,16,12
raw_native,355,9.699706,4096,0.009390952523972373,1.5814524054509531,11.437402725219727,5,4,2,1,1
raw_native,356,11.232675,4096,0.032322754930646624,1.9677429002829272,10.989006042480469,6,11,8,6,2
raw_native,357,17.24237,4096,0.011226442427869188,1.9194302816002746,15.854660987854004,42,20,10,8,5
raw_native,358,11.086783,4096,-0.0020936668006470427,2.022098772723872,13.369514465332031,97,19,15,9,7
raw_native,359,6.80613,4096,-0.001999415078898892,2.0825390357660285,9.503156661987305,0,2,1,0,0
raw_native,360,17.611116,4096,-0.028022234990203287,2.0964324080832446,25.48008918762207,33,7,6,5,5
raw_native,361,23.537931,4096,0.005446039052912965,1.9872161406072937,25.278085708618164,393,7,5,4,4
raw_native,362,10.46041,4096,-0.03037019666226115,2.0866281593693,14.808145523071289,4,14,11,5,4
raw_native,363,8.7774515,4096,-0.009437291173526319,1.7216879928389017,20.689241409301758,0,3,3,3,3
raw_native,364,12.562116,4096,0.02383269990377812,1.9109861183124928,14.697406768798828,11,16,11,10,8
raw_native,365,9.54103,4096,0.001352279243292287,1.8925442261774066,10.150274276733398,11,5,2,1,0
raw_native,366,12.932628,4096,-0.04125363001730875,1.8768765948422739,12.855428695678711,3,4,3,3,3
raw_native,367,18.015451,4096,-0.024392210858422914,1.8949373970873054,17.4864444732666,59,6,5,3,3
raw_native,368,10.984547,4096,-0.006240263775907806,1.7526907995266985,11.087838172912598,26,6,4,2,1
raw_native,369,10.129554,4096,0.011637725088803563,1.892621354591833,15.260610580444336,13,11,8,8,6
raw_native,370,13.074364,4096,-0.01446590268642467,2.1518224219693245,30.574321746826172,6,5,5,5,4
raw_native,371,37.876328,4096,-0.007812354946509004,2.0686964744673437,37.240665435791016,1614,5,4,4,4
raw_native,372,18.990147,4096,0.02598097135705757,2.061786723292536,20.976564407348633,709,21,15,12,10
raw_native,373,8.423045,4096,0.009717081837152364,1.9840988475015082,11.287558555603027,0,2,2,2,1
raw_native,374,8.033707,4096,0.02837163995928904,1.968768204175917,9.307005882263184,0,1,1,0,0
raw_native,375,23.201073,4096,-0.032330483081977945,2.019056733895057,17.12857437133789,67,8,5,4,4
raw_native,376,14.91826,4096,-0.05918869574816199,1.890748802340669,12.42087459564209,9,4,4,2,2
raw_native,377,8.864412,4096,0.02706562303865212,2.200786129468231,9.714505195617676,0,2,2,0,0
raw_native,378,15.384231,4096,-0.013603191866423003,2.0855799125611845,14.803165435791016,1,6,5,4,4
raw_native,379,18.104765,4096,0.02105855428817449,1.3103781860850028,4.658997535705566,0,0,0,0,0
raw_native,380,10.455507,4096,0.056121221496141516,1.88369789291954,9.268932342529297,1,5,1,0,0
raw_native,381,19.969711,4096,-0.019076956781646004,1.3291498372202164,8.671346664428711,0,1,0,0,0
raw_native,382,10.043093,4096,-0.04931069074518746,1.8423984982032455,9.571398735046387,2,4,2,0,0
raw_native,383,9.316275,4096,-0.019248572727519786,1.9665961255843034,12.873026847839355,0,12,5,4,3
raw_native,384,31.55155,4096,-0.031904005808883085,1.9832627893430566,17.993505477905273,162,6,5,5,5
raw_native,385,13.794957,4096,-0.05084977653314127,1.8767673417260002,14.079777717590332,10,6,4,3,2
raw_native,386,18.064682,4096,-0.015933078724629013,2.0167877016044695,27.429502487182617,286,6,4,4,4
raw_native,387,9.417425,4096,-0.02020869376792689,2.109796803796325,11.814276695251465,6,8,5,3,1
raw_native,388,7.945164,4096,0.00751330072125711,2.1746954367792513,8.836929321289062,0,2,0,0,0
raw_native,389,31.823788,4096,0.03308281901990995,2.0105841156254596,26.436885833740234,910,19,16,12,8
raw_native,390,12.698765,4096,0.0368317790562287,2.0832334995496473,13.638581275939941,13,13,9,6,4
raw_native,391,10.174471,4096,0.005973725455987733,2.12998278876789,11.809957504272461,4,13,7,4,1
raw_native,392,13.789101,4096,0.013265917499666102,2.1413966955053985,17.035995483398438,25,17,17,14,8
raw_native,393,9.249637,4096,-0.02202863356069429,2.2228389911219777,14.266033172607422,6,7,4,4,4
raw_native,394,19.815449,4096,0.017042387948094984,1.2634037901785926,4.684298992156982,0,0,0,0,0
raw_native,395,11.181488,4096,0.011711628667399054,1.9383236648833397,11.953771591186523,1,2,1,1,1
raw_native,396,9.976377,4096,-0.024545781157939928,2.108788384264835,9.51479434967041,4,3,1,0,0
raw_native,397,8.680966,4096,-0.021461591404658975,2.1620991289533897,8.07118034362793,0,1,0,0,0
raw_native,398,12.90247,4096,0.0019912779389414936,1.90533489680011,15.483990669250488,28,8,4,1,1
raw_native,399,11.271008,4096,0.026905814274869044,1.9110189916150795,12.855948448181152,1,4,1,1,1
raw_native,400,19.943459,4096,-0.001223234965436859,1.8535875732903773,11.731194496154785,14,3,3,2,1
raw_native,401,24.815168,4096,0.02124806052961503,2.114623836274421,16.824968338012695,1,38,32,26,20
raw_native,402,9.466477,4096,0.026411396333969606,2.213898584240033,11.112703323364258,1,13,10,6,2
raw_native,403,9.494787,4096,-0.005007654011933482,1.737143937474677,9.953446388244629,3,2,1,0,0
raw_native,404,13.657133,4096,0.0025761487922864035,1.787489831143743,10.250679969787598,11,7,4,1,0
raw_native,405,11.275931,4096,0.034991192500456236,2.2551280099729243,18.854461669921875,32,36,26,21,14
raw_native,406,16.353455,4096,0.02906245934718754,2.067100981892247,21.331388473510742,194,22,16,13,11
raw_native,407,24.51824,4096,0.05183294294602092,2.3327612900438903,32.778343200683594,5312,34,29,27,24
raw_native,408,8.751152,4096,-0.05048994628305081,2.3540886283250146,10.736978530883789,0,5,2,1,0
raw_native,409,10.683737,4096,-0.0028705358199658804,2.128050197234269,13.230942726135254,0,12,10,3,2
raw_native,410,12.088781,4096,0.061492758946769754,2.2720549616072576,22.132091522216797,65,35,34,33,32
raw_native,411,10.048641,4096,0.07162797314413183,2.312398175752428,17.418548583984375,3,32,26,18,13
raw_native,412,12.206457,4096,0.019593212575273355,2.003396557376885,14.087615013122559,33,8,7,7,5
raw_native,413,16.793203,4096,0.0591615626381099,1.9067345715087785,15.87836742401123,390,8,8,7,6
raw_native,414,10.623048,4096,0.052241128596506314,2.1311896223862647,13.0114107131958,4,9,8,8,5
raw_native,415,8.374508,4096,0.006936208596016513,2.4034516610979715,11.961374282836914,1,8,7,4,2
raw_native,416,11.930865,4096,-0.031577810190356104,2.048070508074217,13.556414604187012,23,23,17,15,13
raw_native,417,11.745325,4096,-0.026576940756513068,2.2737679499690064,22.81815528869629,2,25,23,21,20
raw_native,418,13.268198,4096,-0.009723711704282323,2.3272941298429357,19.685935974121094,9,23,21,15,12
raw_native,419,15.462187,4096,-0.024745560571318492,2.063196266156758,16.344667434692383,118,11,8,6,6
raw_native,420,27.182331,4096,-0.020466682315600337,2.261088647873763,25.881494522094727,975,17,15,12,10
raw_native,421,11.388221,4096,-0.023546065012851614,2.2377259970577525,16.52229881286621,10,13,7,4,3
raw_native,422,10.237252,4096,-0.020193457192362985,1.826234258645255,12.495404243469238,7,19,11,6,4
raw_native,423,16.790154,4096,0.006749141179170692,1.9653041907081157,13.513666152954102,51,7,5,4,2
raw_native,424,25.59936,4096,-0.04229180589936732,2.4418519322433037,32.318721771240234,39,20,16,15,14
raw_native,425,10.00075,4096,0.0018520873582019703,2.203343214891264,14.069474220275879,16,10,6,3,3
raw_native,426,8.4759035,4096,0.01674834768346045,2.564725824538483,18.37735366821289,0,11,10,8,6
raw_native,427,19.586426,4096,-0.04034971731562109,2.3190554729234365,18.665950775146484,51,32,26,22,17
raw_native,428,11.492285,4096,0.027839709702675464,2.0451173472852795,30.98781394958496,7,14,11,7,6
raw_native,429,10.964475,4096,-0.035812004363833694,2.681838376665433,26.375837326049805,1,41,32,30,27
raw_native,430,15.619569,4096,-0.02466416880270117,2.5493874678795163,29.393369674682617,43,39,32,23,21
raw_native,431,10.142604,4096,-0.020262245865524164,2.282201215540076,28.081336975097656,11,33,27,21,16
raw_native,432,10.883833,4096,-0.015122098906431347,2.962714303363924,34.17321014404297,25,38,28,24,23
raw_native,433,37.245754,4096,-0.023551504167699022,2.7112498790066244,40.22136306762695,8690,28,19,15,13
raw_native,434,26.38043,4096,-0.018219304063677555,2.8011316606169947,35.22561264038086,173,25,17,14,14
raw_native,435,24.07818,4096,-0.023195643503640895,2.507436848589909,32.970523834228516,219,30,25,23,20
raw_native,436,10.610838,4096,0.007654837354493793,2.340875843572848,23.0647029876709,3,16,13,9,8
raw_native,437,19.540003,4096,0.0022669003901683027,2.6019605896007563,40.10905075073242,58,35,27,18,17
raw_native,438,19.321798,4096,0.048117785230715526,2.939961595747138,26.713394165039062,1182,72,62,60,57
raw_native,439,10.753817,4096,-0.015255333817549399,2.3169195020483153,30.697904586791992,1,25,21,20,17
raw_native,440,32.245228,4096,0.046105294191875146,2.5923858964791853,27.139251708984375,479,53,49,43,42
raw_native,441,9.852846,4096,0.010143785308173392,2.679764847611281,38.00636672973633,6,46,33,20,18
raw_native,442,15.13003,4096,0.013944426204034244,2.180480165966551,18.814281463623047,12,38,27,21,18
raw_native,443,11.930612,4096,0.04589380185188929,2.6485946624519676,34.76134490966797,36,49,45,35,29
raw_native,444,9.015415,4096,0.043901187333176495,2.6547754184912637,23.36547088623047,2,65,59,53,43
raw_native,445,22.946606,4096,0.039827569892622705,2.8903011339298046,32.44189453125,70,62,56,46,38
raw_native,446,43.135956,4096,-0.008918980192902382,2.5395376938062335,50.293888092041016,5441,22,14,13,9
raw_native,447,33.148064,4096,0.022243690680170403,2.90461629496726,34.62420654296875,6693,64,59,47,44
raw_native,448,40.614895,4096,0.07014062848247704,2.608748256810666,33.70412063598633,975,56,45,37,29
raw_native,449,27.206621,4096,0.02750506623124238,2.4976711762020756,26.8280029296875,1126,40,37,32,31
raw_native,450,9.546288,4096,0.0766351477977878,3.039146548078833,28.686769485473633,8,76,60,52,48
raw_native,451,10.801854,4096,0.04697114540977054,2.6316119169157313,26.192171096801758,9,60,48,37,32
raw_native,452,34.318798,4096,0.0062120545117068104,2.6402855735924624,42.8322868347168,1420,40,34,27,24
raw_native,453,34.419994,4096,0.014467592185610556,3.006521547863386,49.084388732910156,2619,60,53,48,42
raw_native,454,20.395702,4096,0.10262109902396332,3.039432180635273,27.518266677856445,1338,66,57,49,45
raw_native,455,13.552862,4096,0.02100834827047038,2.8414133825248737,34.144832611083984,87,55,46,39,32
raw_native,456,20.816996,4096,-0.019947305096138734,1.261167451466672,7.222203254699707,0,0,0,0,0
raw_native,457,38.682,4096,0.030353939820997766,2.388963890711175,32.831993103027344,316,51,38,32,29
raw_native,458,11.927197,4096,0.08536217482833308,2.6070755500064284,23.39903450012207,17,55,49,43,40
raw_native,459,59.216858,4096,0.012147656891102088,2.6904830361844714,41.6213264465332,653,46,40,30,26
raw_native,460,25.65718,4096,-0.00393454817822203,2.7028446304623013,39.717105865478516,51,41,32,26,23
raw_native,461,21.818546,4096,0.07397196556485142,2.800329251060344,24.836252212524414,407,56,48,42,39
raw_native,462,28.175362,4096,0.08878135559643852,2.977447521733782,27.893239974975586,2898,69,55,45,44
raw_native,463,12.550875,4096,0.01895496565157373,3.035921221060425,47.93333053588867,132,61,56,49,44
raw_native,464,28.948881,4096,0.09789057292073267,3.0356576812285443,31.786754608154297,4722,72,61,52,46
raw_native,465,34.909054,4096,0.030556091503967764,2.3421575013162568,34.82658767700195,3194,22,13,13,12
raw_native,466,18.722439,4096,0.048257583712256746,2.701078222723231,24.848487854003906,147,66,53,47,40
raw_native,467,32.17811,4096,0.11795839401202102,2.8631660264571677,22.821313858032227,56,64,51,41,32
raw_native,468,16.064676,4096,0.055467786638473626,2.6918658548309895,25.654478073120117,50,65,49,38,29
raw_native,469,10.192564,4096,0.04873280804804381,3.0040028796094806,29.780376434326172,9,61,50,40,32
raw_native,470,19.411562,4096,0.042801237552339444,2.6799535526824174,27.000732421875,144,40,34,32,30
raw_native,471,16.963177,4096,0.03488283036494977,2.7351087225841586,35.340763092041016,62,51,37,35,32
raw_native,472,11.773977,4096,0.0918354832319892,3.1460214961111106,27.763654708862305,51,77,69,67,64
raw_native,473,28.202578,4096,0.021811993814480957,2.133801854709135,31.904748916625977,3342,21,19,18,17
raw_native,474,37.803932,4096,0.044735438874340616,2.712628319022701,40.641014099121094,7867,42,35,30,27
raw_native,475,9.100078,4096,0.03955697355559096,2.81224658608582,14.672798156738281,0,30,18,12,9
raw_native,476,34.501232,4096,0.008032090438064188,2.5427002152692366,21.864994049072266,104,43,36,32,26
raw_native,477,11.956421,4096,-0.030256780857598642,2.1559962638520447,16.19618034362793,3,22,14,9,8
raw_native,478,35.576023,4096,-0.034191280570667004,2.422831997209622,23.30179786682129,60,40,28,22,19
raw_native,479,22.638844,4096,0.014318885658212821,2.7362262834253444,29.640872955322266,102,41,36,32,28
raw_native,480,25.684515,4096,-0.05340368020006281,2.3286087191861844,21.02233123779297,92,30,22,16,13
raw_native,481,15.049387,4096,-0.026382681808172492,2.497494955082633,26.384994506835938,60,45,34,29,24
raw_native,482,13.681518,4096,0.02302987650000432,2.6485115889783177,25.19887924194336,30,61,51,41,37
raw_native,483,13.700159,4096,-0.021688374392397236,2.5435319449088487,24.104965209960938,24,39,30,19,14
raw_native,484,10.514361,4096,-0.005269291193144454,2.292342272445291,16.06403923034668,1,38,26,20,19
raw_native,485,17.6962,4096,-0.043556458742386894,2.4882184315119558,22.565202713012695,164,41,30,23,20
raw_native,486,16.258413,4096,-0.026002677310316358,2.336428946746057,17.536792755126953,41,28,24,21,15
raw_native,487,28.59825,4096,0.035252666613814654,2.6022576752346094,24.543039321899414,737,58,50,37,35
raw_native,488,15.655488,4096,0.00492747849693842,2.6239171675074613,22.938222885131836,62,59,49,43,36
raw_native,489,10.185642,4096,0.008221555755881127,2.7810472440960963,24.736671447753906,9,45,36,32,24
raw_native,490,25.261747,4096,-0.01267510406432848,2.5247386861283774,25.251232147216797,181,32,30,25,22
raw_native,491,21.060478,4096,-0.040305770653503714,2.3399306819128305,19.050573348999023,93,25,20,16,16
raw_native,492,11.898235,4096,-0.05409283281369426,2.230020468233752,19.782978057861328,4,24,16,15,14
raw_native,493,40.789528,4096,-0.03064123871627089,2.301656547680048,25.069910049438477,2041,24,22,19,18
raw_native,494,26.572968,4096,-0.02477312151586375,2.3134981994582744,22.500165939331055,855,31,21,19,17
raw_native,495,12.804538,4096,0.020864240126684308,2.5488912068069256,23.369836807250977,52,35,30,22,21
raw_native,496,14.58624,4096,0.04971431862759346,2.8905864341826257,22.418916702270508,84,77,71,64,56
raw_native,497,11.237839,4096,-0.032222838712186785,2.4017409995790415,22.104236602783203,88,40,25,19,14
raw_native,498,14.954069,4096,-0.01831933706489508,2.0255749402860754,18.814680099487305,150,19,15,11,11
raw_native,499,12.921194,4096,-0.035249959336852044,2.1994947157233864,13.583719253540039,2,18,14,9,7
raw_native,500,8.642164,4096,0.03465148408213281,2.6719800216531464,12.347145080566406,0,21,14,4,2
raw_native,501,26.620905,4096,-0.03299540820080438,2.257116290396843,17.072507858276367,164,19,12,9,7
raw_native,502,18.300499,4096,0.0032910259178606793,2.256331820312015,18.493515014648438,161,20,16,12,9
raw_native,503,13.823167,4096,-0.01911011681659147,2.232737993666553,14.386519432067871,26,27,16,9,8
raw_native,504,18.008179,4096,-0.05147240350197535,1.9980505347905118,18.87558937072754,308,16,12,10,7
raw_native,505,28.441101,4096,-0.047516588205326116,2.260747532095348,16.264978408813477,167,18,10,6,6
raw_native,506,18.525698,4096,0.011357352195773274,2.11464255747465,18.896699905395508,15,17,12,10,8
raw_native,507,18.684511,4096,-0.01627379301316978,1.9211270816667094,18.857431411743164,78,12,7,7,4
raw_native,508,10.481141,4096,-0.0223170852768817,2.5049414935046364,17.724138259887695,57,29,19,12,7
raw_native,509,8.038849,4096,-0.0024629667823319323,2.5498651750966848,11.406610488891602,1,17,8,3,1
raw_native,510,8.749518,4096,-0.009352808696348802,2.441444417082542,27.40826988220215,3,21,14,8,6
raw_native,511,32.154877,4096,0.010366732387410593,1.9529460396358416,13.287020683288574,288,7,6,4,4
raw_native,512,23.199589,4096,-0.028298495228227694,2.059204407165126,26.654401779174805,604,6,3,3,3
raw_native,513,14.268691,4096,0.02645622919226298,2.260387852767233,24.29616355895996,26,20,17,14,13
raw_native,514,23.802366,4096,0.0158854383189464,2.0998865250974146,20.649642944335938,81,18,9,8,8
raw_native,515,16.88768,4096,0.039487214115069946,1.8805093664463093,11.664836883544922,41,4,3,3,2
raw_native,516,24.698587,4096,0.013537783477659104,2.1060504569391076,32.807350158691406,2362,16,15,15,13
raw_native,517,8.373742,4096,-0.02683198097292916,2.4806340299398286,10.649070739746094,0,10,3,1,0
raw_native,518,16.11422,4096,0.01296037615975365,1.9366258201255129,14.166436195373535,18,4,4,2,2
raw_native,519,18.43458,4096,0.02573845044025802,1.9862275925458976,10.869622230529785,15,5,3,1,1
raw_native,520,17.227348,4096,0.008426619246165501,1.816889357021504,11.28075885772705,10,5,2,1,1
raw_native,521,29.241642,4096,0.011482101293950109,2.0855056497265325,11.761100769042969,7,13,6,1,1
raw_native,522,14.054316,4096,0.050363339183604694,2.0811428822610356,19.573627471923828,46,10,8,4,4
raw_native,523,10.519881,4096,-0.025291546738117177,2.373628325411214,13.571920394897461,99,53,40,25,18
raw_native,524,10.761153,4096,0.03828366443849518,2.388814284473753,13.79773235321045,8,19,12,10,6
raw_native,525,11.752608,4096,0.033444835032241826,2.0870654846648233,15.70004653930664,51,11,7,3,2
raw_native,526,8.387755,4096,-0.02654937010447611,2.3830135542727358,10.618182182312012,0,6,2,1,0
raw_native,527,18.311872,4096,0.019861919709001086,1.8937396847368646,19.304399490356445,476,6,5,5,4
raw_native,528,9.449561,4096,0.02974181065837911,2.3313736331092296,18.613744735717773,14,16,8,8,6
raw_native,529,23.062311,4096,0.018164898199756863,2.0282408777529235,25.205718994140625,1222,8,7,7,6
raw_native,530,3.0252242,4096,0.04654814644527505,2.1642145760542584,17.709928512573242,0,8,5,4,3
raw_native,531,73.06942,4096,0.012044081577187171,1.955162480884764,10.981685638427734,119,3,2,2,2
raw_native,532,18.258427,4096,0.03173016369510151,2.4218223481406653,33.203243255615234,7,28,26,23,21
raw_native,533,10.919372,4096,0.021540219655435067,2.1738717301772446,16.806764602661133,22,15,10,6,4
raw_native,534,11.509862,4096,-0.0030933548223401885,2.194223336489978,21.949596405029297,4,23,18,16,12
raw_native,535,12.968594,4096,-0.014154578406305518,1.9198239791929623,14.504223823547363,29,13,10,8,4
raw_native,536,46.75209,4096,0.008282825188871357,1.9868966637707186,14.476536750793457,316,5,4,3,3
raw_native,537,11.112312,4096,0.011582947086026252,2.416572480351308,17.80337142944336,14,28,24,19,15
raw_native,538,36.75612,4096,0.020586624930729158,2.1973464101950904,47.64888000488281,6968,17,14,12,11
raw_native,539,9.551656,4096,-0.02716733392662718,2.7510740264380247,16.973438262939453,0,31,26,20,14
raw_native,540,13.441403,4096,0.0014953000863897614,2.30449947695325,34.337459564208984,21,21,20,17,16
raw_native,541,10.619158,4096,0.0343246437646485,2.408390691875686,42.46860122680664,13,26,23,22,21
raw_native,542,26.332483,4096,0.049916084863070864,2.1120665159086527,13.447694778442383,39,12,6,5,4
raw_native,543,34.92849,4096,0.024386507171584526,2.3764571867874236,35.35438919067383,6839,15,15,14,13
raw_native,544,9.814339,4096,0.022021822413080372,2.665400044135607,21.925739288330078,3,35,29,24,20
raw_native,545,36.21148,4096,0.024044846184551716,2.520493807824318,23.485448837280273,116,27,21,19,18
raw_native,546,22.18113,4096,0.02223647528262518,2.5867923108033697,39.444766998291016,17,32,29,26,24
raw_native,547,11.436646,4096,-0.0013727994228247553,2.243414417310538,26.379690170288086,0,27,22,17,11
raw_native,548,10.124357,4096,0.001104934657632839,2.3320502696846734,30.656471252441406,102,14,12,10,10
raw_native,549,11.6184635,4096,0.006132777964012348,2.2306928610541354,27.192651748657227,2,31,22,19,16
raw_native,550,12.067979,4096,0.050050974125497305,1.956571957829641,18.860694885253906,76,17,14,11,7
raw_native,551,48.233047,4096,0.02711555549467448,2.181613367992563,38.737728118896484,40,23,21,17,16
raw_native,552,35.433327,4096,0.017209022411407204,2.5139793894694695,34.417320251464844,2669,19,17,16,15
raw_native,553,35.342625,4096,-0.02654997750687471,2.1721368183139824,23.872364044189453,65,13,6,4,4
raw_native,554,31.500359,4096,-0.004979460497452237,2.405575836446615,28.534475326538086,171,18,12,7,7
raw_native,555,19.815533,4096,-0.028341611749056028,2.3112712303823186,27.081274032592773,59,16,12,6,5
raw_native,556,8.851217,4096,0.00279036921892839,2.579036523597017,12.676210403442383,0,13,10,6,5
raw_native,557,8.6276455,4096,0.0014722944924869807,2.503452826877407,23.233545303344727,9,26,16,16,13
raw_native,558,13.897243,4096,-0.0008229307732108282,2.1897537033626513,15.244147300720215,9,10,9,7,3
raw_native,559,15.237493,4096,-0.014251952463382622,2.2149688320624743,21.758085250854492,133,14,12,10,8
raw_native,560,41.025,4096,-0.027583970128034707,2.1700098545880926,37.05348587036133,848,14,9,7,6
raw_native,561,16.941423,4096,-0.0027683352691383334,1.9069237999390185,26.9084415435791,240,9,8,7,6
raw_native,562,8.582404,4096,0.007605278442497365,2.4801052305778932,9.328873634338379,0,8,1,0,0
raw_native,563,31.520906,4096,-0.020035310903040227,1.9089048973898328,10.127126693725586,66,1,1,1,0
raw_native,564,11.981979,4096,-0.01314333956088376,2.0221211802832917,13.2306547164917,15,7,7,3,2
raw_native,565,51.76126,4096,0.014958099933210178,1.8755318688507592,21.259679794311523,711,5,4,3,3
raw_native,566,9.064389,4096,-0.010486282100828248,2.475718588582817,27.222841262817383,3,18,17,13,10
raw_native,567,17.888414,4096,-0.0038089168028818676,1.8612868918057162,16.42007064819336,97,2,1,1,1
raw_native,568,8.745468,4096,0.006089416394388536,2.3218639372180068,12.83707332611084,3,14,8,4,3
raw_native,569,8.185861,4096,-0.00980545755737694,2.316537781308041,8.0835599899292,0,1,0,0,0
raw_native,570,8.914541,4096,-0.015365324376944045,1.8698979830772176,8.011905670166016,2,1,0,0,0
raw_native,571,7.480484,4096,0.00045409627273329534,2.123175492109315,8.128503799438477,0,1,0,0,0
raw_native,572,8.6815195,4096,0.004936191795422928,1.9497508898153266,8.757257461547852,1,2,0,0,0
raw_native,573,1.0540351,4096,0.016660637709719595,1.7623609763996935,6.567261219024658,0,0,0,0,0
raw_native,574,0.9593443,4096,0.030685779951454606,1.6586608253652513,11.717080116271973,0,1,1,1,1
raw_native,575,4.4079075,4096,-0.018650660415005405,1.5886888078444468,5.913464546203613,66,0,0,0,0
raw_native,576,4.3086395,4096,-0.008964191016275436,1.4383191360446688,7.365043640136719,12,0,0,0,0
raw_native,577,4.305445,4096,0.024011361930206476,1.5685313977994293,5.658991813659668,0,0,0,0,0
raw_native,578,1.9027041,4096,0.008699689515196951,1.5477009367776493,8.05954647064209,3,1,0,0,0
raw_native,579,9.865801,4096,-0.014185638159688096,1.880815215573494,8.377110481262207,3,2,0,0,0
raw_native,580,10.86401,4096,-0.05574555204293574,1.6384012565027088,11.910462379455566,6,1,1,1,1
raw_native,581,10.728951,4096,0.05658770156514947,1.6344283124457712,12.24509334564209,3,3,2,2,2
raw_native,582,9.88048,4096,0.010080375843244838,1.8642061098075786,8.962037086486816,0,1,0,0,0
raw_native,583,3.3674715,4096,0.0072032600376132905,1.9274183179063473,9.212013244628906,6,1,1,0,0
raw_native,584,2.3140106,4096,0.05114878151562152,1.918978347113465,8.048270225524902,8,1,0,0,0
raw_native,585,3.4975297,4096,0.03269568579344195,1.5071170196078743,6.200076103210449,56,0,0,0,0
raw_native,586,8.804171,4096,0.0019978697237093,1.6342912253391073,9.037261962890625,0,1,1,0,0
raw_native,587,9.43609,4096,-0.005263618410026538,1.7392278534632883,9.061802864074707,5,1,1,0,0
raw_native,588,11.446309,4096,0.008181847668311093,1.6311960405139883,6.809937953948975,6,0,0,0,0
raw_native,589,1.9997063,4096,-0.005531703489396023,1.8794648156623652,7.972476482391357,2,0,0,0,0
raw_native,590,3.6417606,4096,0.003304982998088235,1.9544967450767916,8.963432312011719,11,2,0,0,0
raw_native,591,2.2501397,4096,0.015784200262714876,1.894237534731207,7.0376362800598145,2,0,0,0,0
raw_native,592,2.673096,4096,0.014296489442131133,1.8609239154534638,6.751644134521484,3,0,0,0,0
raw_native,593,1.9247735,4096,8.694782991369721e-07,1.7205267440730905,8.670013427734375,0,1,0,0,0
raw_native,594,4.225739,4096,0.0012413656986609567,1.5170137881875454,6.604458808898926,1,0,0,0,0
