domain,Th_learned,stage,status,peel,events,score_mean,score_q10,score_median,score_q90
raw_native_fdr,8.0,detection_template,unmatched_cluster,0,189431,36.037899017333984,28.72470474243164,35.177059173583984,44.05875396728516
raw_native_fdr,8.0,detection_template,unmatched_cluster,1,197549,28.609283447265625,23.54232788085937,27.795833587646484,34.854454040527344
raw_native_fdr,8.0,detection_template,unmatched_cluster,2,165800,25.14016532897949,20.907400131225582,24.486974716186523,30.41006851196289
raw_native_fdr,8.0,detection_template,unmatched_cluster,3,142768,22.627927780151367,19.09856605529785,21.87074279785156,27.19287872314453
raw_native_fdr,8.0,detection_template,unmatched_cluster,4,131721,20.651460647583008,17.830615997314453,19.916370391845703,24.63744735717773
raw_native_fdr,8.0,detection_template,unmatched_cluster,5,119518,19.27652931213379,16.90582275390625,18.71682357788086,22.538198471069336
raw_native_fdr,8.0,detection_template,unmatched_cluster,6,98271,18.13496780395508,15.976139068603516,17.70071029663086,20.82927894592285
raw_native_fdr,8.0,detection_template,unmatched_cluster,7,66959,17.326595306396484,15.360140800476074,16.95088768005371,19.70201873779297
raw_native_fdr,8.0,detection_template,unmatched_cluster,8,49232,16.61858558654785,14.905312538146973,16.32345962524414,18.69746208190918
raw_native_fdr,8.0,detection_template,unmatched_cluster,9,29458,15.942585945129396,14.438861846923828,15.644582748413086,17.8885555267334
raw_native_fdr,8.0,detection_template,unmatched_cluster,10,14416,15.490856170654297,14.097955703735352,15.220985412597656,17.248886108398438
raw_native_fdr,8.0,detection_template,unmatched_cluster,11,5335,15.068997383117676,13.706013679504396,14.90461540222168,16.753047943115234
raw_native_fdr,8.0,detection_template,unmatched_cluster,12,1941,14.343186378479004,13.272382736206056,14.242681503295898,15.498926162719728
raw_native_fdr,8.0,detection_template,unmatched_cluster,13,47,14.868168830871582,13.905579566955566,14.8216552734375,15.930072784423828
raw_native_fdr,8.0,detection_template,fp_matched_cluster,3,1,18.953125,18.953125,18.953125,18.953125
raw_native_fdr,8.0,detection_template,fp_matched_cluster,6,2,17.116649627685547,16.778213500976562,17.116649627685547,17.45508575439453
raw_native_fdr,8.0,detection_template,tp,0,1472,27.533227920532227,25.66188240051269,27.399280548095703,29.647220611572266
raw_native_fdr,8.0,detection_template,tp,1,7239,25.93973922729492,23.771684646606445,25.916240692138672,28.15608024597168
raw_native_fdr,8.0,detection_template,tp,2,5985,24.601734161376957,21.037147521972656,24.853294372558597,27.509056091308597
raw_native_fdr,8.0,detection_template,tp,3,4573,22.726850509643555,19.077205657958984,22.687864303588867,26.618410110473636
raw_native_fdr,8.0,detection_template,tp,4,3993,20.67486953735352,17.82253646850586,19.68104553222656,25.19499397277832
raw_native_fdr,8.0,detection_template,tp,5,3199,19.35194396972656,17.111398696899414,18.64841651916504,23.51621627807617
raw_native_fdr,8.0,detection_template,tp,6,2151,18.43392562866211,16.373445510864258,17.982431411743164,20.894508361816406
raw_native_fdr,8.0,detection_template,tp,7,1189,17.8345947265625,15.987476348876951,17.41944694519043,19.98211479187012
raw_native_fdr,8.0,detection_template,tp,8,697,17.254688262939453,15.59487247467041,16.954973220825195,19.039291381835938
raw_native_fdr,8.0,detection_template,tp,9,301,16.629262924194336,15.041754722595217,16.383333206176758,18.50156593322754
raw_native_fdr,8.0,detection_template,tp,10,88,16.344226837158203,14.74077606201172,16.115581512451172,18.406206130981445
raw_native_fdr,8.0,detection_template,tp,11,25,16.10162353515625,14.209023475646973,16.089187622070312,17.904979705810547
raw_native_fdr,8.0,detection_template,tp,12,8,14.905149459838867,14.066192626953123,14.846267700195312,15.799903869628906
raw_native_fdr,8.0,final_clustering,unmatched_cluster,0,189431,36.037899017333984,28.72470474243164,35.177059173583984,44.05875396728516
raw_native_fdr,8.0,final_clustering,unmatched_cluster,1,197549,28.609283447265625,23.54232788085937,27.795833587646484,34.854454040527344
raw_native_fdr,8.0,final_clustering,unmatched_cluster,2,165800,25.14016532897949,20.907400131225582,24.486974716186523,30.41006851196289
raw_native_fdr,8.0,final_clustering,unmatched_cluster,3,142767,22.62792205810547,19.09856605529785,21.870655059814453,27.192895889282227
raw_native_fdr,8.0,final_clustering,unmatched_cluster,4,131720,20.65146255493164,17.830604553222656,19.91636657714844,24.63751602172852
raw_native_fdr,8.0,final_clustering,unmatched_cluster,5,119517,19.27653312683105,16.90580940246582,18.716815948486328,22.538217544555664
raw_native_fdr,8.0,final_clustering,unmatched_cluster,6,98268,18.13502693176269,15.976214408874512,17.700740814208984,20.829296112060547
raw_native_fdr,8.0,final_clustering,unmatched_cluster,7,66957,17.326627731323242,15.360093116760254,16.9509334564209,19.702028274536133
raw_native_fdr,8.0,final_clustering,unmatched_cluster,8,49228,16.61862564086914,14.905250549316406,16.323518753051758,18.69762420654297
raw_native_fdr,8.0,final_clustering,unmatched_cluster,9,29456,15.942642211914062,14.438858032226562,15.644670486450195,17.888803482055664
raw_native_fdr,8.0,final_clustering,unmatched_cluster,10,14414,15.490972518920898,14.097908973693848,15.221182823181152,17.24922752380371
raw_native_fdr,8.0,final_clustering,unmatched_cluster,11,5333,15.06911563873291,13.70596694946289,14.90481948852539,16.753204345703125
raw_native_fdr,8.0,final_clustering,unmatched_cluster,12,1941,14.343186378479004,13.272382736206056,14.242681503295898,15.498926162719728
raw_native_fdr,8.0,final_clustering,unmatched_cluster,13,47,14.868168830871582,13.905579566955566,14.8216552734375,15.930072784423828
raw_native_fdr,8.0,final_clustering,fp_matched_cluster,3,2,21.30698013305664,19.42389678955078,21.30698013305664,23.1900634765625
raw_native_fdr,8.0,final_clustering,fp_matched_cluster,4,1,19.96164894104004,19.96164894104004,19.96164894104004,19.96164894104004
raw_native_fdr,8.0,final_clustering,fp_matched_cluster,5,1,18.814054489135746,18.814054489135746,18.814054489135746,18.814054489135746
raw_native_fdr,8.0,final_clustering,fp_matched_cluster,6,5,16.559837341308594,15.728022575378418,16.693605422973633,17.32915496826172
raw_native_fdr,8.0,final_clustering,fp_matched_cluster,7,2,16.184322357177734,16.001575469970703,16.184322357177734,16.367069244384766
raw_native_fdr,8.0,final_clustering,fp_matched_cluster,8,4,16.122802734375,15.46119785308838,15.946695327758787,16.92529296875
raw_native_fdr,8.0,final_clustering,fp_matched_cluster,9,2,15.091922760009766,15.022127151489258,15.091922760009766,15.161718368530272
raw_native_fdr,8.0,final_clustering,fp_matched_cluster,10,2,14.652908325195312,14.601607322692873,14.652908325195312,14.70421028137207
raw_native_fdr,8.0,final_clustering,fp_matched_cluster,11,2,14.75299072265625,14.676809310913086,14.75299072265625,14.829172134399414
raw_native_fdr,8.0,final_clustering,tp,0,1472,27.533227920532227,25.66188240051269,27.399280548095703,29.647220611572266
raw_native_fdr,8.0,final_clustering,tp,1,7239,25.93973922729492,23.771684646606445,25.916240692138672,28.15608024597168
raw_native_fdr,8.0,final_clustering,tp,2,5985,24.601734161376957,21.037147521972656,24.853294372558597,27.509056091308597
raw_native_fdr,8.0,final_clustering,tp,3,4573,22.726850509643555,19.077205657958984,22.687864303588867,26.618410110473636
raw_native_fdr,8.0,final_clustering,tp,4,3993,20.67486953735352,17.82253646850586,19.68104553222656,25.19499397277832
raw_native_fdr,8.0,final_clustering,tp,5,3199,19.35194396972656,17.111398696899414,18.64841651916504,23.51621627807617
raw_native_fdr,8.0,final_clustering,tp,6,2151,18.43392562866211,16.373445510864258,17.982431411743164,20.894508361816406
raw_native_fdr,8.0,final_clustering,tp,7,1189,17.8345947265625,15.987476348876951,17.41944694519043,19.98211479187012
raw_native_fdr,8.0,final_clustering,tp,8,697,17.254688262939453,15.59487247467041,16.954973220825195,19.039291381835938
raw_native_fdr,8.0,final_clustering,tp,9,301,16.629262924194336,15.041754722595217,16.383333206176758,18.50156593322754
raw_native_fdr,8.0,final_clustering,tp,10,88,16.344226837158203,14.74077606201172,16.115581512451172,18.406206130981445
raw_native_fdr,8.0,final_clustering,tp,11,25,16.10162353515625,14.209023475646973,16.089187622070312,17.904979705810547
raw_native_fdr,8.0,final_clustering,tp,12,8,14.905149459838867,14.066192626953123,14.846267700195312,15.799903869628906
raw_native_fdr,8.0,cluster_merging,unmatched_cluster,0,189431,36.037899017333984,28.72470474243164,35.177059173583984,44.05875396728516
raw_native_fdr,8.0,cluster_merging,unmatched_cluster,1,197549,28.609283447265625,23.54232788085937,27.795833587646484,34.854454040527344
raw_native_fdr,8.0,cluster_merging,unmatched_cluster,2,165800,25.14016532897949,20.907400131225582,24.486974716186523,30.41006851196289
raw_native_fdr,8.0,cluster_merging,unmatched_cluster,3,142767,22.62792205810547,19.09856605529785,21.870655059814453,27.192895889282227
raw_native_fdr,8.0,cluster_merging,unmatched_cluster,4,131720,20.65146255493164,17.830604553222656,19.91636657714844,24.63751602172852
raw_native_fdr,8.0,cluster_merging,unmatched_cluster,5,119517,19.27653312683105,16.90580940246582,18.716815948486328,22.538217544555664
raw_native_fdr,8.0,cluster_merging,unmatched_cluster,6,98268,18.13502693176269,15.976214408874512,17.700740814208984,20.829296112060547
raw_native_fdr,8.0,cluster_merging,unmatched_cluster,7,66957,17.326627731323242,15.360093116760254,16.9509334564209,19.702028274536133
raw_native_fdr,8.0,cluster_merging,unmatched_cluster,8,49228,16.61862564086914,14.905250549316406,16.323518753051758,18.69762420654297
raw_native_fdr,8.0,cluster_merging,unmatched_cluster,9,29456,15.942642211914062,14.438858032226562,15.644670486450195,17.888803482055664
raw_native_fdr,8.0,cluster_merging,unmatched_cluster,10,14414,15.490972518920898,14.097908973693848,15.221182823181152,17.24922752380371
raw_native_fdr,8.0,cluster_merging,unmatched_cluster,11,5333,15.06911563873291,13.70596694946289,14.90481948852539,16.753204345703125
raw_native_fdr,8.0,cluster_merging,unmatched_cluster,12,1941,14.343186378479004,13.272382736206056,14.242681503295898,15.498926162719728
raw_native_fdr,8.0,cluster_merging,unmatched_cluster,13,47,14.868168830871582,13.905579566955566,14.8216552734375,15.930072784423828
raw_native_fdr,8.0,cluster_merging,fp_matched_cluster,3,2,21.30698013305664,19.42389678955078,21.30698013305664,23.1900634765625
raw_native_fdr,8.0,cluster_merging,fp_matched_cluster,4,1,19.96164894104004,19.96164894104004,19.96164894104004,19.96164894104004
raw_native_fdr,8.0,cluster_merging,fp_matched_cluster,5,1,18.814054489135746,18.814054489135746,18.814054489135746,18.814054489135746
raw_native_fdr,8.0,cluster_merging,fp_matched_cluster,6,5,16.559837341308594,15.728022575378418,16.693605422973633,17.32915496826172
raw_native_fdr,8.0,cluster_merging,fp_matched_cluster,7,2,16.184322357177734,16.001575469970703,16.184322357177734,16.367069244384766
raw_native_fdr,8.0,cluster_merging,fp_matched_cluster,8,4,16.122802734375,15.46119785308838,15.946695327758787,16.92529296875
raw_native_fdr,8.0,cluster_merging,fp_matched_cluster,9,2,15.091922760009766,15.022127151489258,15.091922760009766,15.161718368530272
raw_native_fdr,8.0,cluster_merging,fp_matched_cluster,10,2,14.652908325195312,14.601607322692873,14.652908325195312,14.70421028137207
raw_native_fdr,8.0,cluster_merging,fp_matched_cluster,11,2,14.75299072265625,14.676809310913086,14.75299072265625,14.829172134399414
raw_native_fdr,8.0,cluster_merging,tp,0,1472,27.533227920532227,25.66188240051269,27.399280548095703,29.647220611572266
raw_native_fdr,8.0,cluster_merging,tp,1,7239,25.93973922729492,23.771684646606445,25.916240692138672,28.15608024597168
raw_native_fdr,8.0,cluster_merging,tp,2,5985,24.601734161376957,21.037147521972656,24.853294372558597,27.509056091308597
raw_native_fdr,8.0,cluster_merging,tp,3,4573,22.726850509643555,19.077205657958984,22.687864303588867,26.618410110473636
raw_native_fdr,8.0,cluster_merging,tp,4,3993,20.67486953735352,17.82253646850586,19.68104553222656,25.19499397277832
raw_native_fdr,8.0,cluster_merging,tp,5,3199,19.35194396972656,17.111398696899414,18.64841651916504,23.51621627807617
raw_native_fdr,8.0,cluster_merging,tp,6,2151,18.43392562866211,16.373445510864258,17.982431411743164,20.894508361816406
raw_native_fdr,8.0,cluster_merging,tp,7,1189,17.8345947265625,15.987476348876951,17.41944694519043,19.98211479187012
raw_native_fdr,8.0,cluster_merging,tp,8,697,17.254688262939453,15.59487247467041,16.954973220825195,19.039291381835938
raw_native_fdr,8.0,cluster_merging,tp,9,301,16.629262924194336,15.041754722595217,16.383333206176758,18.50156593322754
raw_native_fdr,8.0,cluster_merging,tp,10,88,16.344226837158203,14.74077606201172,16.115581512451172,18.406206130981445
raw_native_fdr,8.0,cluster_merging,tp,11,25,16.10162353515625,14.209023475646973,16.089187622070312,17.904979705810547
raw_native_fdr,8.0,cluster_merging,tp,12,8,14.905149459838867,14.066192626953123,14.846267700195312,15.799903869628906
raw_native_fdr,8.0,duplicate_removal,unmatched_cluster,0,189405,36.03823852539063,28.72511482238769,35.1774787902832,44.05911636352539
raw_native_fdr,8.0,duplicate_removal,unmatched_cluster,1,197531,28.609302520751957,23.54235076904297,27.795833587646484,34.85442352294922
raw_native_fdr,8.0,duplicate_removal,unmatched_cluster,2,165782,25.139965057373047,20.907419204711918,24.486974716186523,30.41004753112793
raw_native_fdr,8.0,duplicate_removal,unmatched_cluster,3,142746,22.62792587280273,19.09858703613281,21.87052726745605,27.192813873291016
raw_native_fdr,8.0,duplicate_removal,unmatched_cluster,4,131708,20.651391983032227,17.830507278442383,19.916332244873047,24.637357711791992
raw_native_fdr,8.0,duplicate_removal,unmatched_cluster,5,119508,19.276521682739254,16.90582275390625,18.71682357788086,22.538198471069336
raw_native_fdr,8.0,duplicate_removal,unmatched_cluster,6,98257,18.134557723999023,15.976333618164062,17.700693130493164,20.828826904296875
raw_native_fdr,8.0,duplicate_removal,unmatched_cluster,7,66952,17.326690673828125,15.36019229888916,16.950958251953125,19.702054977416992
raw_native_fdr,8.0,duplicate_removal,unmatched_cluster,8,49221,16.618684768676758,14.905485153198242,16.323570251464844,18.697498321533203
raw_native_fdr,8.0,duplicate_removal,unmatched_cluster,9,29452,15.942723274230955,14.438849449157717,15.644670486450195,17.889301300048828
raw_native_fdr,8.0,duplicate_removal,unmatched_cluster,10,14409,15.490934371948242,14.09802532196045,15.221321105957031,17.248374938964844
raw_native_fdr,8.0,duplicate_removal,unmatched_cluster,11,5330,15.068680763244627,13.705817222595217,14.904717445373535,16.752656936645508
raw_native_fdr,8.0,duplicate_removal,unmatched_cluster,12,1941,14.343186378479004,13.272382736206056,14.242681503295898,15.498926162719728
raw_native_fdr,8.0,duplicate_removal,unmatched_cluster,13,47,14.868168830871582,13.905579566955566,14.8216552734375,15.930072784423828
raw_native_fdr,8.0,duplicate_removal,fp_matched_cluster,3,1,23.66083526611328,23.66083526611328,23.66083526611328,23.66083526611328
raw_native_fdr,8.0,duplicate_removal,fp_matched_cluster,4,1,19.96164894104004,19.96164894104004,19.96164894104004,19.96164894104004
raw_native_fdr,8.0,duplicate_removal,fp_matched_cluster,5,1,18.814054489135746,18.814054489135746,18.814054489135746,18.814054489135746
raw_native_fdr,8.0,duplicate_removal,fp_matched_cluster,6,3,16.188629150390625,15.63152313232422,16.01752281188965,16.814178466796875
raw_native_fdr,8.0,duplicate_removal,fp_matched_cluster,7,2,16.184322357177734,16.001575469970703,16.184322357177734,16.367069244384766
raw_native_fdr,8.0,duplicate_removal,fp_matched_cluster,8,4,16.122802734375,15.46119785308838,15.946695327758787,16.92529296875
raw_native_fdr,8.0,duplicate_removal,fp_matched_cluster,9,2,15.091922760009766,15.022127151489258,15.091922760009766,15.161718368530272
raw_native_fdr,8.0,duplicate_removal,fp_matched_cluster,10,2,14.652908325195312,14.601607322692873,14.652908325195312,14.70421028137207
raw_native_fdr,8.0,duplicate_removal,fp_matched_cluster,11,2,14.75299072265625,14.676809310913086,14.75299072265625,14.829172134399414
raw_native_fdr,8.0,duplicate_removal,tp,0,1472,27.533227920532227,25.66188240051269,27.399280548095703,29.647220611572266
raw_native_fdr,8.0,duplicate_removal,tp,1,7239,25.93973922729492,23.771684646606445,25.916240692138672,28.15608024597168
raw_native_fdr,8.0,duplicate_removal,tp,2,5985,24.601734161376957,21.037147521972656,24.853294372558597,27.509056091308597
raw_native_fdr,8.0,duplicate_removal,tp,3,4573,22.72684097290039,19.077205657958984,22.687864303588867,26.618410110473636
raw_native_fdr,8.0,duplicate_removal,tp,4,3991,20.675647735595703,17.8223819732666,19.685571670532227,25.196645736694336
raw_native_fdr,8.0,duplicate_removal,tp,5,3199,19.35194396972656,17.111398696899414,18.64841651916504,23.51621627807617
raw_native_fdr,8.0,duplicate_removal,tp,6,2153,18.43270301818848,16.373645782470703,17.980873107910156,20.8908805847168
raw_native_fdr,8.0,duplicate_removal,tp,7,1189,17.8345947265625,15.987476348876951,17.41944694519043,19.98211479187012
raw_native_fdr,8.0,duplicate_removal,tp,8,697,17.254688262939453,15.59487247467041,16.954973220825195,19.039291381835938
raw_native_fdr,8.0,duplicate_removal,tp,9,301,16.629262924194336,15.041754722595217,16.383333206176758,18.50156593322754
raw_native_fdr,8.0,duplicate_removal,tp,10,88,16.344226837158203,14.74077606201172,16.115581512451172,18.406206130981445
raw_native_fdr,8.0,duplicate_removal,tp,11,25,16.10162353515625,14.209023475646973,16.089187622070312,17.904979705810547
raw_native_fdr,8.0,duplicate_removal,tp,12,8,14.905149459838867,14.066192626953123,14.846267700195312,15.799903869628906
raw_native_fdr,8.0,duplicate_removal,removed_by_dedup,0,26,33.569034576416016,28.239200592041016,32.526641845703125,39.61553192138672
raw_native_fdr,8.0,duplicate_removal,removed_by_dedup,1,18,28.439048767089844,22.939132690429688,27.51120948791504,35.21320343017578
raw_native_fdr,8.0,duplicate_removal,removed_by_dedup,2,18,26.965049743652344,20.720739364624023,24.41983413696289,29.874549865722656
raw_native_fdr,8.0,duplicate_removal,removed_by_dedup,3,22,22.420764923095703,18.85950088500977,21.91985321044922,27.405824661254883
raw_native_fdr,8.0,duplicate_removal,removed_by_dedup,4,14,21.13398551940918,18.364830017089844,19.996227264404297,24.576004028320312
raw_native_fdr,8.0,duplicate_removal,removed_by_dedup,5,9,19.426612854003903,17.022537231445312,18.057077407836918,22.17719268798828
raw_native_fdr,8.0,duplicate_removal,removed_by_dedup,6,11,22.329116821289062,15.81548023223877,20.73637962341309,31.456439971923828
raw_native_fdr,8.0,duplicate_removal,removed_by_dedup,7,5,16.49072265625,15.46667194366455,16.80966567993164,17.33441162109375
raw_native_fdr,8.0,duplicate_removal,removed_by_dedup,8,7,16.20737075805664,14.649516105651855,15.70982837677002,18.10760498046875
raw_native_fdr,8.0,duplicate_removal,removed_by_dedup,9,4,15.342155456542969,14.72764778137207,15.350774765014648,15.9497652053833
raw_native_fdr,8.0,duplicate_removal,removed_by_dedup,10,5,15.598810195922852,14.213981628417969,14.931039810180664,17.30706024169922
raw_native_fdr,8.0,duplicate_removal,removed_by_dedup,11,3,15.841552734375,14.47240161895752,14.998473167419434,17.547937393188477
denoised_native_fdr,8.0,detection_template,unmatched_cluster,0,189973,45.74534225463867,34.60884475708008,44.64782333374024,57.54680252075195
denoised_native_fdr,8.0,detection_template,unmatched_cluster,1,214162,35.83753204345703,28.81867218017578,34.789207458496094,44.40152359008789
denoised_native_fdr,8.0,detection_template,unmatched_cluster,2,169320,32.036895751953125,26.46421432495117,31.33149719238281,38.27988052368164
denoised_native_fdr,8.0,detection_template,unmatched_cluster,3,124028,29.806962966918945,25.190353393554688,29.17086410522461,35.20451736450195
denoised_native_fdr,8.0,detection_template,unmatched_cluster,4,88080,28.00914192199707,23.95096015930176,27.34395980834961,32.96819305419922
denoised_native_fdr,8.0,detection_template,unmatched_cluster,5,64337,26.2441349029541,22.659330368041992,25.52113914489746,30.810340881347656
denoised_native_fdr,8.0,detection_template,unmatched_cluster,6,48446,24.49246597290039,21.546703338623047,23.854114532470703,28.40479278564453
denoised_native_fdr,8.0,detection_template,unmatched_cluster,7,41091,22.931623458862305,20.417743682861328,22.51063346862793,25.90645408630371
denoised_native_fdr,8.0,detection_template,unmatched_cluster,8,31847,21.74519920349121,19.571985244750977,21.422910690307617,24.17420959472656
denoised_native_fdr,8.0,detection_template,unmatched_cluster,9,25430,20.769184112548828,18.91740226745605,20.52774429321289,22.84262466430664
denoised_native_fdr,8.0,detection_template,unmatched_cluster,10,16856,19.96650695800781,18.25543975830078,19.78911399841309,21.77587127685547
denoised_native_fdr,8.0,detection_template,unmatched_cluster,11,9297,19.37924194335937,17.819622039794922,19.28959083557129,20.921430587768555
denoised_native_fdr,8.0,detection_template,unmatched_cluster,12,2642,19.033002853393555,17.68528938293457,18.783180236816406,20.628318786621094
denoised_native_fdr,8.0,detection_template,unmatched_cluster,13,1511,17.880958557128906,16.79242515563965,17.47382164001465,19.323930740356445
denoised_native_fdr,8.0,detection_template,unmatched_cluster,14,501,17.90595817565918,16.8684139251709,17.740203857421875,18.857223510742188
denoised_native_fdr,8.0,detection_template,unmatched_cluster,15,204,18.293825149536133,17.666488647460938,18.045541763305664,19.174110412597656
denoised_native_fdr,8.0,detection_template,fp_matched_cluster,0,1,34.65935516357422,34.65935516357422,34.65935516357422,34.65935516357422
denoised_native_fdr,8.0,detection_template,fp_matched_cluster,1,2,31.998085021972656,31.784257888793945,31.998085021972656,32.2119140625
denoised_native_fdr,8.0,detection_template,tp,0,6772,36.62999725341797,32.972190856933594,36.77800750732422,39.91523742675781
denoised_native_fdr,8.0,detection_template,tp,1,12925,34.808956146240234,30.456836700439453,35.040855407714844,38.79157638549805
denoised_native_fdr,8.0,detection_template,tp,2,8135,33.50135040283203,29.192886352539062,33.45270919799805,37.83024215698242
denoised_native_fdr,8.0,detection_template,tp,3,4180,32.44059371948242,28.325267791748047,32.2498893737793,36.805946350097656
denoised_native_fdr,8.0,detection_template,tp,4,1940,31.480653762817383,27.537769317626957,31.41319274902344,35.66357421875
denoised_native_fdr,8.0,detection_template,tp,5,780,30.58102798461914,26.928810119628903,30.57640838623047,34.33013916015625
denoised_native_fdr,8.0,detection_template,tp,6,252,29.462087631225582,25.345924377441406,29.37232780456543,33.57143020629883
denoised_native_fdr,8.0,detection_template,tp,7,73,28.428600311279297,24.259469985961918,28.50293731689453,32.48279571533203
denoised_native_fdr,8.0,detection_template,tp,8,18,28.109094619750977,23.340410232543945,29.14118194580078,31.800281524658203
denoised_native_fdr,8.0,detection_template,tp,9,4,27.82783508300781,26.158729553222656,27.96242904663086,29.389265060424805
denoised_native_fdr,8.0,detection_template,tp,10,3,25.25986671447754,21.5640926361084,26.10285377502441,28.61844825744629
denoised_native_fdr,8.0,final_clustering,unmatched_cluster,0,189973,45.74534225463867,34.60884475708008,44.64782333374024,57.54680252075195
denoised_native_fdr,8.0,final_clustering,unmatched_cluster,1,214162,35.83753204345703,28.81867218017578,34.789207458496094,44.40152359008789
denoised_native_fdr,8.0,final_clustering,unmatched_cluster,2,169320,32.036895751953125,26.46421432495117,31.33149719238281,38.27988052368164
denoised_native_fdr,8.0,final_clustering,unmatched_cluster,3,124028,29.806962966918945,25.190353393554688,29.17086410522461,35.20451736450195
denoised_native_fdr,8.0,final_clustering,unmatched_cluster,4,88080,28.00914192199707,23.95096015930176,27.34395980834961,32.96819305419922
denoised_native_fdr,8.0,final_clustering,unmatched_cluster,5,64337,26.2441349029541,22.659330368041992,25.52113914489746,30.810340881347656
denoised_native_fdr,8.0,final_clustering,unmatched_cluster,6,48446,24.49246597290039,21.546703338623047,23.854114532470703,28.40479278564453
denoised_native_fdr,8.0,final_clustering,unmatched_cluster,7,41091,22.931623458862305,20.417743682861328,22.51063346862793,25.90645408630371
denoised_native_fdr,8.0,final_clustering,unmatched_cluster,8,31845,21.74530601501465,19.572023391723636,21.42311668395996,24.174251556396484
denoised_native_fdr,8.0,final_clustering,unmatched_cluster,9,25430,20.769184112548828,18.91740226745605,20.52774429321289,22.84262466430664
denoised_native_fdr,8.0,final_clustering,unmatched_cluster,10,16855,19.96668243408203,18.25556755065918,19.78933334350586,21.775928497314453
denoised_native_fdr,8.0,final_clustering,unmatched_cluster,11,9297,19.37924194335937,17.819622039794922,19.28959083557129,20.921430587768555
denoised_native_fdr,8.0,final_clustering,unmatched_cluster,12,2642,19.033002853393555,17.68528938293457,18.783180236816406,20.628318786621094
denoised_native_fdr,8.0,final_clustering,unmatched_cluster,13,1510,17.88155174255371,16.792320251464844,17.475709915161133,19.32424545288086
denoised_native_fdr,8.0,final_clustering,unmatched_cluster,14,501,17.90595817565918,16.8684139251709,17.740203857421875,18.857223510742188
denoised_native_fdr,8.0,final_clustering,unmatched_cluster,15,204,18.293825149536133,17.666488647460938,18.045541763305664,19.174110412597656
denoised_native_fdr,8.0,final_clustering,fp_matched_cluster,0,1,34.65935516357422,34.65935516357422,34.65935516357422,34.65935516357422
denoised_native_fdr,8.0,final_clustering,fp_matched_cluster,1,2,31.998085021972656,31.784257888793945,31.998085021972656,32.2119140625
denoised_native_fdr,8.0,final_clustering,fp_matched_cluster,8,2,20.07559585571289,19.547584533691406,20.07559585571289,20.60360717773437
denoised_native_fdr,8.0,final_clustering,fp_matched_cluster,10,1,17.015962600708008,17.015962600708008,17.015962600708008,17.015962600708008
denoised_native_fdr,8.0,final_clustering,fp_matched_cluster,13,1,16.986976623535156,16.986976623535156,16.986976623535156,16.986976623535156
denoised_native_fdr,8.0,final_clustering,tp,0,6772,36.62999725341797,32.972190856933594,36.77800750732422,39.91523742675781
denoised_native_fdr,8.0,final_clustering,tp,1,12925,34.808956146240234,30.456836700439453,35.040855407714844,38.79157638549805
denoised_native_fdr,8.0,final_clustering,tp,2,8135,33.50135040283203,29.192886352539062,33.45270919799805,37.83024215698242
denoised_native_fdr,8.0,final_clustering,tp,3,4180,32.44059371948242,28.325267791748047,32.2498893737793,36.805946350097656
denoised_native_fdr,8.0,final_clustering,tp,4,1940,31.480653762817383,27.537769317626957,31.41319274902344,35.66357421875
denoised_native_fdr,8.0,final_clustering,tp,5,780,30.58102798461914,26.928810119628903,30.57640838623047,34.33013916015625
denoised_native_fdr,8.0,final_clustering,tp,6,252,29.462087631225582,25.345924377441406,29.37232780456543,33.57143020629883
denoised_native_fdr,8.0,final_clustering,tp,7,73,28.428600311279297,24.259469985961918,28.50293731689453,32.48279571533203
denoised_native_fdr,8.0,final_clustering,tp,8,18,28.109094619750977,23.340410232543945,29.14118194580078,31.800281524658203
denoised_native_fdr,8.0,final_clustering,tp,9,4,27.82783508300781,26.158729553222656,27.96242904663086,29.389265060424805
denoised_native_fdr,8.0,final_clustering,tp,10,3,25.25986671447754,21.5640926361084,26.10285377502441,28.61844825744629
denoised_native_fdr,8.0,cluster_merging,unmatched_cluster,0,189973,45.74534225463867,34.60884475708008,44.64782333374024,57.54680252075195
denoised_native_fdr,8.0,cluster_merging,unmatched_cluster,1,214162,35.83753204345703,28.81867218017578,34.789207458496094,44.40152359008789
denoised_native_fdr,8.0,cluster_merging,unmatched_cluster,2,169320,32.036895751953125,26.46421432495117,31.33149719238281,38.27988052368164
denoised_native_fdr,8.0,cluster_merging,unmatched_cluster,3,124028,29.806962966918945,25.190353393554688,29.17086410522461,35.20451736450195
denoised_native_fdr,8.0,cluster_merging,unmatched_cluster,4,88080,28.00914192199707,23.95096015930176,27.34395980834961,32.96819305419922
denoised_native_fdr,8.0,cluster_merging,unmatched_cluster,5,64337,26.2441349029541,22.659330368041992,25.52113914489746,30.810340881347656
denoised_native_fdr,8.0,cluster_merging,unmatched_cluster,6,48446,24.49246597290039,21.546703338623047,23.854114532470703,28.40479278564453
denoised_native_fdr,8.0,cluster_merging,unmatched_cluster,7,41091,22.931623458862305,20.417743682861328,22.51063346862793,25.90645408630371
denoised_native_fdr,8.0,cluster_merging,unmatched_cluster,8,31845,21.74530601501465,19.572023391723636,21.42311668395996,24.174251556396484
denoised_native_fdr,8.0,cluster_merging,unmatched_cluster,9,25430,20.769184112548828,18.91740226745605,20.52774429321289,22.84262466430664
denoised_native_fdr,8.0,cluster_merging,unmatched_cluster,10,16855,19.96668243408203,18.25556755065918,19.78933334350586,21.775928497314453
denoised_native_fdr,8.0,cluster_merging,unmatched_cluster,11,9297,19.37924194335937,17.819622039794922,19.28959083557129,20.921430587768555
denoised_native_fdr,8.0,cluster_merging,unmatched_cluster,12,2642,19.033002853393555,17.68528938293457,18.783180236816406,20.628318786621094
denoised_native_fdr,8.0,cluster_merging,unmatched_cluster,13,1510,17.88155174255371,16.792320251464844,17.475709915161133,19.32424545288086
denoised_native_fdr,8.0,cluster_merging,unmatched_cluster,14,501,17.90595817565918,16.8684139251709,17.740203857421875,18.857223510742188
denoised_native_fdr,8.0,cluster_merging,unmatched_cluster,15,204,18.293825149536133,17.666488647460938,18.045541763305664,19.174110412597656
denoised_native_fdr,8.0,cluster_merging,fp_matched_cluster,0,1,34.65935516357422,34.65935516357422,34.65935516357422,34.65935516357422
denoised_native_fdr,8.0,cluster_merging,fp_matched_cluster,1,2,31.998085021972656,31.784257888793945,31.998085021972656,32.2119140625
denoised_native_fdr,8.0,cluster_merging,fp_matched_cluster,8,2,20.07559585571289,19.547584533691406,20.07559585571289,20.60360717773437
denoised_native_fdr,8.0,cluster_merging,fp_matched_cluster,10,1,17.015962600708008,17.015962600708008,17.015962600708008,17.015962600708008
denoised_native_fdr,8.0,cluster_merging,fp_matched_cluster,13,1,16.986976623535156,16.986976623535156,16.986976623535156,16.986976623535156
denoised_native_fdr,8.0,cluster_merging,tp,0,6772,36.62999725341797,32.972190856933594,36.77800750732422,39.91523742675781
denoised_native_fdr,8.0,cluster_merging,tp,1,12925,34.808956146240234,30.456836700439453,35.040855407714844,38.79157638549805
denoised_native_fdr,8.0,cluster_merging,tp,2,8135,33.50135040283203,29.192886352539062,33.45270919799805,37.83024215698242
denoised_native_fdr,8.0,cluster_merging,tp,3,4180,32.44059371948242,28.325267791748047,32.2498893737793,36.805946350097656
denoised_native_fdr,8.0,cluster_merging,tp,4,1940,31.480653762817383,27.537769317626957,31.41319274902344,35.66357421875
denoised_native_fdr,8.0,cluster_merging,tp,5,780,30.58102798461914,26.928810119628903,30.57640838623047,34.33013916015625
denoised_native_fdr,8.0,cluster_merging,tp,6,252,29.462087631225582,25.345924377441406,29.37232780456543,33.57143020629883
denoised_native_fdr,8.0,cluster_merging,tp,7,73,28.428600311279297,24.259469985961918,28.50293731689453,32.48279571533203
denoised_native_fdr,8.0,cluster_merging,tp,8,18,28.109094619750977,23.340410232543945,29.14118194580078,31.800281524658203
denoised_native_fdr,8.0,cluster_merging,tp,9,4,27.82783508300781,26.158729553222656,27.96242904663086,29.389265060424805
denoised_native_fdr,8.0,cluster_merging,tp,10,3,25.25986671447754,21.5640926361084,26.10285377502441,28.61844825744629
denoised_native_fdr,8.0,duplicate_removal,unmatched_cluster,0,189936,45.74192428588867,34.60856246948242,44.647254943847656,57.54570770263672
denoised_native_fdr,8.0,duplicate_removal,unmatched_cluster,1,214119,35.833778381347656,28.818513870239254,34.788841247558594,44.398624420166016
denoised_native_fdr,8.0,duplicate_removal,unmatched_cluster,2,169284,32.032466888427734,26.464035034179688,31.33085250854492,38.27605438232422
denoised_native_fdr,8.0,duplicate_removal,unmatched_cluster,3,123997,29.80207252502441,25.19027709960937,29.17009162902832,35.200565338134766
denoised_native_fdr,8.0,duplicate_removal,unmatched_cluster,4,88056,28.00278854370117,23.95056533813477,27.343097686767575,32.965904235839844
denoised_native_fdr,8.0,duplicate_removal,unmatched_cluster,5,64329,26.243480682373047,22.659259796142575,25.52103805541992,30.809001922607425
denoised_native_fdr,8.0,duplicate_removal,unmatched_cluster,6,48441,24.492168426513672,21.54676628112793,23.8541259765625,28.40467643737793
denoised_native_fdr,8.0,duplicate_removal,unmatched_cluster,7,41088,22.931520462036133,20.41758918762207,22.51063537597656,25.906362533569336
denoised_native_fdr,8.0,duplicate_removal,unmatched_cluster,8,31843,21.745309829711918,19.57206916809082,21.42311668395996,24.174291610717773
denoised_native_fdr,8.0,duplicate_removal,unmatched_cluster,9,25428,20.76914978027344,18.917274475097656,20.52774429321289,22.8426456451416
denoised_native_fdr,8.0,duplicate_removal,unmatched_cluster,10,16852,19.96671295166016,18.255481719970703,19.78943252563477,21.776105880737305
denoised_native_fdr,8.0,duplicate_removal,unmatched_cluster,11,9294,19.379640579223636,17.819849014282227,19.29048538208008,20.921499252319336
denoised_native_fdr,8.0,duplicate_removal,unmatched_cluster,12,2642,19.033002853393555,17.68528938293457,18.783180236816406,20.628318786621094
denoised_native_fdr,8.0,duplicate_removal,unmatched_cluster,13,1510,17.88155174255371,16.792320251464844,17.475709915161133,19.32424545288086
denoised_native_fdr,8.0,duplicate_removal,unmatched_cluster,14,501,17.90595817565918,16.8684139251709,17.740203857421875,18.857223510742188
denoised_native_fdr,8.0,duplicate_removal,unmatched_cluster,15,204,18.293825149536133,17.666488647460938,18.045541763305664,19.174110412597656
denoised_native_fdr,8.0,duplicate_removal,fp_matched_cluster,8,2,20.07559585571289,19.547584533691406,20.07559585571289,20.60360717773437
denoised_native_fdr,8.0,duplicate_removal,fp_matched_cluster,10,1,17.015962600708008,17.015962600708008,17.015962600708008,17.015962600708008
denoised_native_fdr,8.0,duplicate_removal,fp_matched_cluster,13,1,16.986976623535156,16.986976623535156,16.986976623535156,16.986976623535156
denoised_native_fdr,8.0,duplicate_removal,tp,0,6772,36.63045120239258,32.97343444824219,36.77800750732422,39.91523742675781
denoised_native_fdr,8.0,duplicate_removal,tp,1,12925,34.80891036987305,30.456836700439453,35.040855407714844,38.79157638549805
denoised_native_fdr,8.0,duplicate_removal,tp,2,8135,33.50135040283203,29.192886352539062,33.45270919799805,37.83024215698242
denoised_native_fdr,8.0,duplicate_removal,tp,3,4180,32.44059371948242,28.325267791748047,32.2498893737793,36.805946350097656
denoised_native_fdr,8.0,duplicate_removal,tp,4,1940,31.480653762817383,27.537769317626957,31.41319274902344,35.66357421875
denoised_native_fdr,8.0,duplicate_removal,tp,5,780,30.58102798461914,26.928810119628903,30.57640838623047,34.33013916015625
denoised_native_fdr,8.0,duplicate_removal,tp,6,252,29.462087631225582,25.345924377441406,29.37232780456543,33.57143020629883
denoised_native_fdr,8.0,duplicate_removal,tp,7,73,28.428600311279297,24.259469985961918,28.50293731689453,32.48279571533203
denoised_native_fdr,8.0,duplicate_removal,tp,8,18,28.109094619750977,23.340410232543945,29.14118194580078,31.800281524658203
denoised_native_fdr,8.0,duplicate_removal,tp,9,4,27.82783508300781,26.158729553222656,27.96242904663086,29.389265060424805
denoised_native_fdr,8.0,duplicate_removal,tp,10,3,25.25986671447754,21.5640926361084,26.10285377502441,28.61844825744629
denoised_native_fdr,8.0,duplicate_removal,removed_by_dedup,0,38,62.45550155639648,35.17562484741211,47.35393524169922,116.0057373046875
denoised_native_fdr,8.0,duplicate_removal,removed_by_dedup,1,45,53.551639556884766,30.363019943237305,39.5780029296875,113.88702392578124
denoised_native_fdr,8.0,duplicate_removal,removed_by_dedup,2,36,52.87086486816406,30.004295349121094,40.71191787719727,111.3160400390625
denoised_native_fdr,8.0,duplicate_removal,removed_by_dedup,3,31,49.3690185546875,25.7175235748291,34.796905517578125,100.6335906982422
denoised_native_fdr,8.0,duplicate_removal,removed_by_dedup,4,24,51.3184928894043,27.86318588256836,34.98810577392578,101.23555755615234
denoised_native_fdr,8.0,duplicate_removal,removed_by_dedup,5,8,31.48859214782715,23.710914611816406,26.278514862060547,47.445045471191406
denoised_native_fdr,8.0,duplicate_removal,removed_by_dedup,6,5,27.370014190673828,21.657527923583984,23.60968589782715,36.42293167114258
denoised_native_fdr,8.0,duplicate_removal,removed_by_dedup,7,3,24.35001564025879,20.933862686157227,22.03374481201172,28.692684173583984
denoised_native_fdr,8.0,duplicate_removal,removed_by_dedup,8,2,21.676284790039062,19.699426651000977,21.676284790039062,23.65314292907715
denoised_native_fdr,8.0,duplicate_removal,removed_by_dedup,9,2,21.19888687133789,20.1699333190918,21.19888687133789,22.22783851623535
denoised_native_fdr,8.0,duplicate_removal,removed_by_dedup,10,3,19.80064392089844,19.59659194946289,19.64678001403809,20.066240310668945
denoised_native_fdr,8.0,duplicate_removal,removed_by_dedup,11,3,18.14433479309082,17.461708068847656,18.47749137878418,18.69369888305664
