model_label,unit_id,evaluation,temporal_ms,spatial_support,n_channels,dprime_raw,dprime_deep,ddprime,auc_raw,auc_deep
ib_w96_om1_s0,94,crossfit,0.5,endpoint,19.5,1.5624084759738728,1.3686678651853366,-0.1937406107885363,0.8719500005245209,0.8452000021934509
ib_w96_om1_s0,94,crossfit,0.5,top1,1.0,2.4779979240653462,2.198904617095301,-0.279093306970045,0.9547249972820282,0.935699999332428
ib_w96_om1_s0,94,crossfit,0.5,top16,16.0,1.686120483051265,1.4702673772953307,-0.2158531057559343,0.8834500014781952,0.8551500141620636
ib_w96_om1_s0,94,crossfit,0.5,top2,2.0,2.785209818302704,2.4064105820272026,-0.3787992362755017,0.9694499969482422,0.9499000012874604
ib_w96_om1_s0,94,crossfit,0.5,top24,24.0,1.4336435933310736,1.2572546370527418,-0.1763889562783319,0.8525000214576721,0.8275000154972076
ib_w96_om1_s0,94,crossfit,0.5,top4,4.0,2.7640751389847766,2.4235086322283657,-0.340566506756411,0.9696000218391418,0.9526500105857848
ib_w96_om1_s0,94,crossfit,0.5,top8,8.0,2.040532630425577,1.7988604190620057,-0.2416722113635712,0.9205500185489656,0.8976500034332275
ib_w96_om1_s0,94,crossfit,1.0,endpoint,19.5,1.3797887526471886,1.2002580537989376,-0.179530698848251,0.8516999781131744,0.8218500018119812
ib_w96_om1_s0,94,crossfit,1.0,top1,1.0,2.466916892724977,2.171086702224812,-0.295830190500165,0.9537500143051147,0.9330500066280364
ib_w96_om1_s0,94,crossfit,1.0,top16,16.0,1.4579569977586364,1.2721229221837325,-0.1858340755749038,0.8561500012874603,0.82914999127388
ib_w96_om1_s0,94,crossfit,1.0,top2,2.0,2.772671904258412,2.369546248630181,-0.4031256556282305,0.9688500165939332,0.9472000002861024
ib_w96_om1_s0,94,crossfit,1.0,top24,24.0,1.2820335443325306,1.1214198926680332,-0.1606136516644973,0.832099974155426,0.8048999905586243
ib_w96_om1_s0,94,crossfit,1.0,top4,4.0,2.7601727475804285,2.3936269661131253,-0.3665457814673034,0.9681000113487244,0.9501999914646148
ib_w96_om1_s0,94,crossfit,1.0,top8,8.0,1.8093238710909083,1.6205184461101831,-0.1888054249807251,0.8967000246047974,0.8755500018596649
ib_w96_om1_s0,94,crossfit,2.0,endpoint,19.5,0.8501491026240082,0.7236505815669405,-0.1264985210570676,0.7361999750137329,0.7029500007629395
ib_w96_om1_s0,94,crossfit,2.0,top1,1.0,2.3733910220332666,2.0665612772541277,-0.3068297447791394,0.9501000046730042,0.9268500208854676
ib_w96_om1_s0,94,crossfit,2.0,top16,16.0,0.8751651730630012,0.7544261445963222,-0.120739028466679,0.740449994802475,0.7121000289916992
ib_w96_om1_s0,94,crossfit,2.0,top2,2.0,2.679259423030617,2.2803800084218024,-0.3988794146088144,0.9661999940872192,0.944700002670288
ib_w96_om1_s0,94,crossfit,2.0,top24,24.0,0.7943340584106444,0.67666746166788,-0.1176665967427644,0.7229500114917755,0.692249983549118
ib_w96_om1_s0,94,crossfit,2.0,top4,4.0,2.692908814348338,2.3170451989650624,-0.3758636153832757,0.9686499834060668,0.9492499828338624
ib_w96_om1_s0,94,crossfit,2.0,top8,8.0,1.2897431500064402,1.1810205043267468,-0.1087226456796933,0.8192499876022339,0.7962499856948853
ib_w96_om1_s0,94,crossfit,3.0,endpoint,19.5,0.7237724503473849,0.6078296860093376,-0.1159427643380472,0.7088000178337097,0.6780999898910522
ib_w96_om1_s0,94,crossfit,3.0,top1,1.0,2.355301508651281,2.0313751255350447,-0.3239263831162361,0.948850005865097,0.9228499829769136
ib_w96_om1_s0,94,crossfit,3.0,top16,16.0,0.7546776495244667,0.6409322094104435,-0.1137454401140232,0.7159500122070312,0.6849000155925751
ib_w96_om1_s0,94,crossfit,3.0,top2,2.0,2.6697200260339238,2.243989878545281,-0.4257301474886421,0.9650500118732452,0.9416999816894532
ib_w96_om1_s0,94,crossfit,3.0,top24,24.0,0.6625478198075451,0.5639340293518476,-0.0986137904556975,0.6944499909877777,0.6702999770641327
ib_w96_om1_s0,94,crossfit,3.0,top4,4.0,2.674543638689726,2.290520184243072,-0.3840234544466534,0.9672499895095824,0.9462999999523164
ib_w96_om1_s0,94,crossfit,3.0,top8,8.0,1.1291658139927878,1.0194884994331908,-0.109677314559597,0.7895000278949738,0.7649500072002411
ib_w96_om1_s0,94,crossfit,4.0,endpoint,19.5,0.702472955678171,0.5933222003212982,-0.1091507553568728,0.6985499858856201,0.6677000224590302
ib_w96_om1_s0,94,crossfit,4.0,top1,1.0,2.343659802126102,1.9861524666842376,-0.3575073354418642,0.9481500089168547,0.9180999994277954
ib_w96_om1_s0,94,crossfit,4.0,top16,16.0,0.7474014049130486,0.6353073231464972,-0.1120940817665513,0.709449976682663,0.6772499978542328
ib_w96_om1_s0,94,crossfit,4.0,top2,2.0,2.6590658933824987,2.211928425784995,-0.4471374675975035,0.9650999903678894,0.9393999874591829
ib_w96_om1_s0,94,crossfit,4.0,top24,24.0,0.6346674668037344,0.5447724767349551,-0.0898949900687792,0.6830999851226807,0.6596499979496002
ib_w96_om1_s0,94,crossfit,4.0,top4,4.0,2.6742394376372034,2.2691522699646702,-0.4050871676725334,0.9679499864578248,0.9460500180721284
ib_w96_om1_s0,94,crossfit,4.0,top8,8.0,1.095445548188311,0.98852924218547,-0.106916306002841,0.7801999747753143,0.7561500072479248
ib_w96_om1_s0,94,in_sample,0.5,endpoint,12.0,2.422512330351859,2.155833073658824,-0.2666792566930351,0.955049991607666,0.937250018119812
ib_w96_om1_s0,94,in_sample,0.5,top1,1.0,2.481192303886184,2.1886095549347933,-0.2925827489513906,0.955049991607666,0.9353500008583068
ib_w96_om1_s0,94,in_sample,0.5,top16,16.0,2.2447693300214646,1.9991525136912125,-0.2456168163302523,0.9474499821662904,0.9287999868392944
ib_w96_om1_s0,94,in_sample,0.5,top2,2.0,2.7893552286732195,2.3947402533494486,-0.3946149753237709,0.970300018787384,0.9502500295639038
ib_w96_om1_s0,94,in_sample,0.5,top24,24.0,1.8114163539149932,1.605278820139047,-0.2061375337759463,0.9118499755859376,0.8847500085830688
ib_w96_om1_s0,94,in_sample,0.5,top4,4.0,2.766056787337067,2.4145118083439265,-0.3515449789931404,0.9693999886512756,0.9521999955177308
ib_w96_om1_s0,94,in_sample,0.5,top8,8.0,2.4923622946706683,2.22422277903054,-0.2681395156401285,0.9577500224113464,0.9415500164031982
ib_w96_om1_s0,94,in_sample,1.0,endpoint,12.0,2.4392118600690007,2.15755341429493,-0.2816584457740707,0.9570000171661376,0.9378499984741212
ib_w96_om1_s0,94,in_sample,1.0,top1,1.0,2.490824552719028,2.1668589357545214,-0.3239656169645064,0.95455002784729,0.933049976825714
ib_w96_om1_s0,94,in_sample,1.0,top16,16.0,2.244112047196332,1.9988822757669424,-0.2452297714293896,0.9495999813079834,0.928849995136261
ib_w96_om1_s0,94,in_sample,1.0,top2,2.0,2.7863404921358272,2.364890993721364,-0.4214494984144639,0.9689499735832214,0.9470999836921692
ib_w96_om1_s0,94,in_sample,1.0,top24,24.0,1.7801180731693316,1.5862698981436605,-0.1938481750256713,0.9132500290870668,0.8864499926567078
ib_w96_om1_s0,94,in_sample,1.0,top4,4.0,2.777592682771075,2.392602171836475,-0.3849905109346001,0.9688000082969666,0.9506499767303468
ib_w96_om1_s0,94,in_sample,1.0,top8,8.0,2.5020884356897737,2.2093238975534586,-0.2927645381363151,0.958899974822998,0.9399999976158142
ib_w96_om1_s0,94,in_sample,2.0,endpoint,12.0,2.3875918941244563,2.1173687458408,-0.2702231482836561,0.9650499820709229,0.9465500116348268
ib_w96_om1_s0,94,in_sample,2.0,top1,1.0,2.448878788457918,2.090724134837257,-0.358154653620661,0.9541000127792358,0.9285500049591064
ib_w96_om1_s0,94,in_sample,2.0,top16,16.0,2.103968739145293,1.8682379860874312,-0.2357307530578622,0.9464499950408936,0.9236000180244446
ib_w96_om1_s0,94,in_sample,2.0,top2,2.0,2.749187077553879,2.3050128142128785,-0.4441742633410004,0.9682999849319458,0.946049988269806
ib_w96_om1_s0,94,in_sample,2.0,top24,24.0,1.686094533727978,1.509364914048591,-0.176729619679387,0.9005500078201294,0.8739500045776367
ib_w96_om1_s0,94,in_sample,2.0,top4,4.0,2.7695880078151114,2.3540627079383305,-0.4155252998767809,0.9701499938964844,0.9498500227928162
ib_w96_om1_s0,94,in_sample,2.0,top8,8.0,2.517817806304419,2.204977728026803,-0.3128400782776164,0.961549997329712,0.9427499771118164
ib_w96_om1_s0,94,in_sample,3.0,endpoint,12.0,2.122102997621865,1.9083176923943088,-0.2137853052275566,0.9520999789237976,0.932099997997284
ib_w96_om1_s0,94,in_sample,3.0,top1,1.0,2.474052009978738,2.0810684955890904,-0.3929835143896478,0.9556000232696532,0.9286500215530396
ib_w96_om1_s0,94,in_sample,3.0,top16,16.0,1.893408447049244,1.7061590885610642,-0.1872493584881793,0.9290500283241272,0.909850001335144
ib_w96_om1_s0,94,in_sample,3.0,top2,2.0,2.771297183807842,2.2885468025512594,-0.4827503812565825,0.9689000248908995,0.9451500177383424
ib_w96_om1_s0,94,in_sample,3.0,top24,24.0,1.575375415330608,1.4179723284070915,-0.1574030869235163,0.8908500075340271,0.8687499761581421
ib_w96_om1_s0,94,in_sample,3.0,top4,4.0,2.7860637869733007,2.3467406114455773,-0.4393231755277234,0.9718000292778016,0.9483500123023988
ib_w96_om1_s0,94,in_sample,3.0,top8,8.0,2.5475083094205564,2.2141129520757987,-0.3333953573447576,0.9634000062942504,0.9423499703407288
ib_w96_om1_s0,94,in_sample,4.0,endpoint,12.0,2.1674297179864173,1.944866211788635,-0.2225635061977822,0.9552500247955322,0.9367499947547911
ib_w96_om1_s0,94,in_sample,4.0,top1,1.0,2.491207433425253,2.0660697721790293,-0.4251376612462239,0.9564499855041504,0.9279000163078308
ib_w96_om1_s0,94,in_sample,4.0,top16,16.0,1.9087960379870244,1.7168818648765347,-0.1919141731104896,0.9316499829292296,0.9100499749183656
ib_w96_om1_s0,94,in_sample,4.0,top2,2.0,2.7822339852813,2.2753527771731434,-0.5068812081081564,0.9692500233650208,0.9444500207901
ib_w96_om1_s0,94,in_sample,4.0,top24,24.0,1.6007234755342197,1.4444298154930275,-0.1562936600411919,0.8942499756813049,0.8738499879837036
ib_w96_om1_s0,94,in_sample,4.0,top4,4.0,2.8094950482673093,2.3426834839855,-0.4668115642818091,0.9728999733924866,0.9499499797821044
ib_w96_om1_s0,94,in_sample,4.0,top8,8.0,2.59299382691098,2.2267464291901726,-0.3662473977208074,0.9665499925613404,0.944949984550476
ib_w96_om1_s0,337,crossfit,0.5,endpoint,4.0,2.8501298627250087,2.8105737877743597,-0.0395560749506493,0.9745000004768372,0.972350001335144
ib_w96_om1_s0,337,crossfit,0.5,top1,1.0,2.6799609093186536,2.6932965122828705,0.013335602964217,0.9657500088214874,0.9635000228881836
ib_w96_om1_s0,337,crossfit,0.5,top16,16.0,1.8811021688197849,1.8838255786399127,0.0027234098201281,0.9203000068664552,0.9220000207424164
ib_w96_om1_s0,337,crossfit,0.5,top2,2.0,2.954810032658912,2.960337382187829,0.0055273495289165,0.9755000174045564,0.9733999967575072
ib_w96_om1_s0,337,crossfit,0.5,top24,24.0,1.6785962835533728,1.6543664958700783,-0.0242297876832944,0.9004499912261963,0.8983999788761139
ib_w96_om1_s0,337,crossfit,0.5,top4,4.0,2.8501299006629224,2.810573775555356,-0.0395561251075664,0.9745000004768372,0.972350001335144
ib_w96_om1_s0,337,crossfit,0.5,top8,8.0,2.496896043574076,2.476557866136539,-0.0203381774375368,0.9598999917507172,0.9581499993801116
ib_w96_om1_s0,337,crossfit,1.0,endpoint,4.0,2.948505847721165,2.8908821885271987,-0.0576236591939665,0.980699986219406,0.9762000143527984
ib_w96_om1_s0,337,crossfit,1.0,top1,1.0,2.77772937089449,2.751054885314767,-0.0266744855797229,0.9773499965667723,0.9731500148773192
ib_w96_om1_s0,337,crossfit,1.0,top16,16.0,1.8704878119072088,1.851926593808272,-0.0185612180989369,0.9217499792575836,0.921099990606308
ib_w96_om1_s0,337,crossfit,1.0,top2,2.0,3.0373604851111957,3.022430212354605,-0.0149302727565907,0.981799989938736,0.9785500168800354
ib_w96_om1_s0,337,crossfit,1.0,top24,24.0,1.628869331578723,1.5886125592136775,-0.0402567723650453,0.891400009393692,0.8869500160217285
ib_w96_om1_s0,337,crossfit,1.0,top4,4.0,2.94850586236612,2.890882178544457,-0.057623683821663,0.980699986219406,0.9762000143527984
ib_w96_om1_s0,337,crossfit,1.0,top8,8.0,2.546326663860908,2.499449598515799,-0.0468770653451093,0.9634499847888948,0.958400011062622
ib_w96_om1_s0,337,crossfit,2.0,endpoint,4.0,3.0367334570887827,2.862313725484221,-0.1744197316045617,0.9813999831676484,0.972900003194809
ib_w96_om1_s0,337,crossfit,2.0,top1,1.0,2.959244825155234,2.755778024247271,-0.2034668009079632,0.98089998960495,0.9728000164031982
ib_w96_om1_s0,337,crossfit,2.0,top16,16.0,1.515311728056374,1.374240983106032,-0.1410707449503419,0.866100013256073,0.8429999947547913
ib_w96_om1_s0,337,crossfit,2.0,top2,2.0,3.160883223158871,3.000063085245344,-0.160820137913527,0.9842999875545502,0.977649986743927
ib_w96_om1_s0,337,crossfit,2.0,top24,24.0,1.2457616964256208,1.1143084698081016,-0.1314532266175192,0.8204500079154968,0.7978000044822693
ib_w96_om1_s0,337,crossfit,2.0,top4,4.0,3.0367334353334368,2.8623137192431254,-0.1744197160903111,0.9813999831676484,0.972900003194809
ib_w96_om1_s0,337,crossfit,2.0,top8,8.0,2.49421571007802,2.362489708003775,-0.131726002074245,0.9580000042915344,0.94964998960495
ib_w96_om1_s0,337,crossfit,3.0,endpoint,4.0,2.984520648694713,2.800263912956877,-0.1842567357378361,0.9810500144958496,0.972350001335144
ib_w96_om1_s0,337,crossfit,3.0,top1,1.0,2.9261674600680734,2.7107432234474107,-0.2154242366206624,0.9807999730110168,0.972350001335144
ib_w96_om1_s0,337,crossfit,3.0,top16,16.0,1.2239342136993945,1.1173794542099549,-0.1065547594894393,0.8199000060558319,0.8027999997138977
ib_w96_om1_s0,337,crossfit,3.0,top2,2.0,3.105666369333939,2.940814086100411,-0.1648522832335277,0.9830499887466432,0.97639998793602
ib_w96_om1_s0,337,crossfit,3.0,top24,24.0,1.0045671588659626,0.9047364844356924,-0.0998306744302701,0.7791000008583069,0.7598000168800354
ib_w96_om1_s0,337,crossfit,3.0,top4,4.0,2.9845206647712867,2.800263936777359,-0.184256727993928,0.9810500144958496,0.972350001335144
ib_w96_om1_s0,337,crossfit,3.0,top8,8.0,2.3019941548562253,2.189422819864026,-0.1125713349921992,0.948850005865097,0.9398500025272368
ib_w96_om1_s0,337,crossfit,4.0,endpoint,4.0,3.0219855062799006,2.7980116041912497,-0.2239739020886508,0.9818499982357024,0.9724499881267548
ib_w96_om1_s0,337,crossfit,4.0,top1,1.0,3.0400983391924044,2.730282847733568,-0.3098154914588371,0.9835000038146972,0.9737999737262726
ib_w96_om1_s0,337,crossfit,4.0,top16,16.0,1.1747667736247056,1.0583264542030333,-0.1164403194216722,0.8055500090122223,0.7842000126838684
ib_w96_om1_s0,337,crossfit,4.0,top2,2.0,3.185504702065804,2.947239518893229,-0.2382651831725746,0.9853499829769136,0.9769500195980072
ib_w96_om1_s0,337,crossfit,4.0,top24,24.0,0.963026024605536,0.8584432435299583,-0.1045827810755777,0.761000007390976,0.7378000020980835
ib_w96_om1_s0,337,crossfit,4.0,top4,4.0,3.02198550141851,2.7980116335528105,-0.2239738678656995,0.9818499982357024,0.9724499881267548
ib_w96_om1_s0,337,crossfit,4.0,top8,8.0,2.250293009759908,2.116007733749405,-0.1342852760105028,0.9465999901294708,0.9338500201702118
ib_w96_om1_s0,337,in_sample,0.5,endpoint,4.0,2.8337357367443285,2.792303263397488,-0.0414324733468403,0.975499987602234,0.9728000164031982
ib_w96_om1_s0,337,in_sample,0.5,top1,1.0,2.6284227027081903,2.6471848143967995,0.0187621116886091,0.9656500220298768,0.963349997997284
ib_w96_om1_s0,337,in_sample,0.5,top16,16.0,2.238884487542583,2.225427983346893,-0.0134565041956893,0.949999988079071,0.9491000175476074
ib_w96_om1_s0,337,in_sample,0.5,top2,2.0,2.906460080796191,2.917391401927475,0.010931321131284,0.9757000207901,0.9736499786376952
ib_w96_om1_s0,337,in_sample,0.5,top24,24.0,1.9657245437150377,1.937084754496234,-0.0286397892188037,0.9276000261306764,0.9245499968528748
ib_w96_om1_s0,337,in_sample,0.5,top4,4.0,2.833735746251042,2.792303246567453,-0.041432499683589,0.975499987602234,0.9728000164031982
ib_w96_om1_s0,337,in_sample,0.5,top8,8.0,2.580107692551658,2.535042267270609,-0.0450654252810496,0.9646999835968018,0.9603000283241272
ib_w96_om1_s0,337,in_sample,1.0,endpoint,4.0,2.9616220488658533,2.890917857204785,-0.0707041916610684,0.9833499789237976,0.9783499836921692
ib_w96_om1_s0,337,in_sample,1.0,top1,1.0,2.751601292847185,2.727741817262522,-0.023859475584663,0.979300022125244,0.9742500185966492
ib_w96_om1_s0,337,in_sample,1.0,top16,16.0,2.4069982153544798,2.351407259134355,-0.0555909562201244,0.9613500237464904,0.9562000036239624
ib_w96_om1_s0,337,in_sample,1.0,top2,2.0,3.0239821826992914,2.999486856811333,-0.0244953258879583,0.984000027179718,0.9798499941825868
ib_w96_om1_s0,337,in_sample,1.0,top24,24.0,2.136059663476805,2.0630329708725017,-0.0730266926043037,0.93954998254776,0.932349979877472
ib_w96_om1_s0,337,in_sample,1.0,top4,4.0,2.961622034420421,2.8909178486727964,-0.0707041857476244,0.9833499789237976,0.9783499836921692
ib_w96_om1_s0,337,in_sample,1.0,top8,8.0,2.6914180685055444,2.6021468445223044,-0.08927122398324,0.9738500118255616,0.9670500159263612
ib_w96_om1_s0,337,in_sample,2.0,endpoint,4.0,3.076069061039614,2.8909836349508597,-0.1850854260887553,0.9850999712944032,0.97885000705719
ib_w96_om1_s0,337,in_sample,2.0,top1,1.0,2.9427228191151302,2.762433328010507,-0.1802894911046233,0.982200026512146,0.9765499830245972
ib_w96_om1_s0,337,in_sample,2.0,top16,16.0,2.361575897620953,2.2274935404802387,-0.1340823571407141,0.9607499837875366,0.9528999924659728
ib_w96_om1_s0,337,in_sample,2.0,top2,2.0,3.175412253198081,3.010335030991833,-0.1650772222062477,0.9870499968528748,0.9822499752044678
ib_w96_om1_s0,337,in_sample,2.0,top24,24.0,2.0494115075110773,1.8490409161603056,-0.2003705913507714,0.9376500248908995,0.9188500046730042
ib_w96_om1_s0,337,in_sample,2.0,top4,4.0,3.076069024145444,2.8909836598775547,-0.1850853642678886,0.9850999712944032,0.97885000705719
ib_w96_om1_s0,337,in_sample,2.0,top8,8.0,2.749171248197307,2.581493491939067,-0.1676777562582403,0.9786999821662904,0.9711499810218812
ib_w96_om1_s0,337,in_sample,3.0,endpoint,4.0,3.0794052231788607,2.879307668881847,-0.2000975542970136,0.9843500256538392,0.977999985218048
ib_w96_om1_s0,337,in_sample,3.0,top1,1.0,2.935008451051928,2.743950592063757,-0.191057858988171,0.9822499752044678,0.9758999943733216
ib_w96_om1_s0,337,in_sample,3.0,top16,16.0,2.115716707513767,2.00466617420534,-0.1110505333084272,0.9527000188827516,0.942449986934662
ib_w96_om1_s0,337,in_sample,3.0,top2,2.0,3.1629187697319265,2.990103484992255,-0.1728152847396713,0.9865999817848206,0.9815000295639038
ib_w96_om1_s0,337,in_sample,3.0,top24,24.0,1.776869631915026,1.634129242728253,-0.1427403891867731,0.9142500162124634,0.894349992275238
ib_w96_om1_s0,337,in_sample,3.0,top4,4.0,3.079405240446855,2.8793076701776013,-0.2000975702692535,0.9843500256538392,0.977999985218048
ib_w96_om1_s0,337,in_sample,3.0,top8,8.0,2.6372804170897286,2.494421338098133,-0.1428590789915951,0.9773499965667723,0.9700499773025512
ib_w96_om1_s0,337,in_sample,4.0,endpoint,4.0,3.1508394835087925,2.9016378369782485,-0.249201646530544,0.986299991607666,0.979349970817566
ib_w96_om1_s0,337,in_sample,4.0,top1,1.0,3.0634729538072665,2.775709765974945,-0.2877631878323217,0.9861999750137328,0.9786999821662904
ib_w96_om1_s0,337,in_sample,4.0,top16,16.0,2.1964294328875,2.0547818396098663,-0.1416475932776331,0.9602500200271606,0.9490500092506408
ib_w96_om1_s0,337,in_sample,4.0,top2,2.0,3.258052398324712,3.0160764396689017,-0.2419759586558103,0.9887999892234802,0.983299970626831
ib_w96_om1_s0,337,in_sample,4.0,top24,24.0,1.8082237553109544,1.6474168410735286,-0.160806914237426,0.92044997215271,0.8973000049591064
ib_w96_om1_s0,337,in_sample,4.0,top4,4.0,3.150839419985316,2.9016377923678207,-0.2492016276174946,0.986299991607666,0.979349970817566
ib_w96_om1_s0,337,in_sample,4.0,top8,8.0,2.714574063504203,2.528962731071017,-0.1856113324331856,0.9790499806404114,0.9699500203132628
ib_w96_om1_s0,664,crossfit,0.5,endpoint,16.0,0.6078405331977055,0.4807014280444805,-0.1271391051532249,0.6780499815940857,0.6380999982357025
ib_w96_om1_s0,664,crossfit,0.5,top1,1.0,3.947437962273256,3.21902961905034,-0.7284083432229163,0.996199995279312,0.9910999834537506
ib_w96_om1_s0,664,crossfit,0.5,top16,16.0,0.574098615948985,0.4634566652371111,-0.1106419507118738,0.6688500046730042,0.6333499848842621
ib_w96_om1_s0,664,crossfit,0.5,top2,2.0,1.51410301973774,1.1289215420144365,-0.3851814777233031,0.8821000158786774,0.8298500180244446
ib_w96_om1_s0,664,crossfit,0.5,top24,24.0,0.6052312501916979,0.4780064512285079,-0.12722479896319,0.6739999949932098,0.6350499987602234
ib_w96_om1_s0,664,crossfit,0.5,top4,4.0,1.073341049013648,0.8073687602637684,-0.2659722887498794,0.7969500124454498,0.7390500009059906
ib_w96_om1_s0,664,crossfit,0.5,top8,8.0,0.7828375180841631,0.6262624323362882,-0.1565750857478749,0.7333999872207642,0.6876499950885773
ib_w96_om1_s0,664,crossfit,1.0,endpoint,16.0,0.3998110291656539,0.3164305621743045,-0.0833804669913493,0.6115500032901764,0.5834999978542328
ib_w96_om1_s0,664,crossfit,1.0,top1,1.0,3.940643132862276,3.236867778362928,-0.7037753544993472,0.9962500035762788,0.991049975156784
ib_w96_om1_s0,664,crossfit,1.0,top16,16.0,0.3763985450547498,0.3023807639351958,-0.0740177811195539,0.60589998960495,0.5789999961853027
ib_w96_om1_s0,664,crossfit,1.0,top2,2.0,1.2509067644461314,1.0125545026520129,-0.2383522617941185,0.8479500114917755,0.8086999952793121
ib_w96_om1_s0,664,crossfit,1.0,top24,24.0,0.3847109753051171,0.3017813816248129,-0.0829295936803042,0.6033500134944916,0.5758000016212463
ib_w96_om1_s0,664,crossfit,1.0,top4,4.0,0.8137448467283508,0.6351142337760364,-0.1786306129523144,0.746150016784668,0.6976999938488007
ib_w96_om1_s0,664,crossfit,1.0,top8,8.0,0.5767239096486916,0.4520012438668705,-0.1247226657818211,0.67085000872612,0.6306999921798706
ib_w96_om1_s0,664,crossfit,2.0,endpoint,16.0,0.387131169640303,0.3242496363351567,-0.0628815333051463,0.6009500026702881,0.5777999758720398
ib_w96_om1_s0,664,crossfit,2.0,top1,1.0,3.910240588487605,3.10960168724004,-0.8006389012475645,0.995849996805191,0.988400012254715
ib_w96_om1_s0,664,crossfit,2.0,top16,16.0,0.3665695185084495,0.3114124384995875,-0.0551570800088619,0.5943999886512756,0.5733000040054321
ib_w96_om1_s0,664,crossfit,2.0,top2,2.0,1.1486945305090894,0.9284773429922442,-0.2202171875168453,0.8290500044822693,0.7804000079631805
ib_w96_om1_s0,664,crossfit,2.0,top24,24.0,0.3620366032547,0.2971352527428436,-0.0649013505118564,0.5929999947547913,0.5696000158786774
ib_w96_om1_s0,664,crossfit,2.0,top4,4.0,0.7551604629063416,0.6075508323483175,-0.1476096305580241,0.7303999960422516,0.6830999851226807
ib_w96_om1_s0,664,crossfit,2.0,top8,8.0,0.5324539750137063,0.4439515356108173,-0.0885024394028889,0.6543999910354614,0.623199999332428
ib_w96_om1_s0,664,crossfit,3.0,endpoint,16.0,0.3735814045553558,0.3236909472330865,-0.0498904573222692,0.5960999727249146,0.5780500173568726
ib_w96_om1_s0,664,crossfit,3.0,top1,1.0,3.942650201039136,3.112322319931341,-0.830327881107795,0.9963000118732452,0.9890999794006348
ib_w96_om1_s0,664,crossfit,3.0,top16,16.0,0.351338959560733,0.3082764914224711,-0.0430624681382618,0.5888999998569489,0.5740500092506409
ib_w96_om1_s0,664,crossfit,3.0,top2,2.0,1.0558162640028348,0.8394856450990702,-0.2163306189037647,0.798550009727478,0.7463000118732452
ib_w96_om1_s0,664,crossfit,3.0,top24,24.0,0.3471856013368313,0.2910230391848698,-0.0561625621519615,0.585349977016449,0.5683999955654144
ib_w96_om1_s0,664,crossfit,3.0,top4,4.0,0.6957387161782134,0.5583382489250507,-0.1374004672531627,0.6964499950408936,0.6585499942302704
ib_w96_om1_s0,664,crossfit,3.0,top8,8.0,0.5016048416935219,0.4287176099592052,-0.0728872317343166,0.6372499763965607,0.6133500039577484
ib_w96_om1_s0,664,crossfit,4.0,endpoint,16.0,0.2980470462226086,0.2566300591151312,-0.0414169871074773,0.5762499868869781,0.5614499747753143
ib_w96_om1_s0,664,crossfit,4.0,top1,1.0,3.907248695253399,3.179225575227706,-0.728023120025693,0.9962500035762788,0.9891500174999236
ib_w96_om1_s0,664,crossfit,4.0,top16,16.0,0.2751767872182199,0.2394042204935036,-0.0357725667247163,0.5696000158786774,0.5570000112056732
ib_w96_om1_s0,664,crossfit,4.0,top2,2.0,0.9475233137050412,0.7754145030674799,-0.1721088106375611,0.7709499895572662,0.7285500168800354
ib_w96_om1_s0,664,crossfit,4.0,top24,24.0,0.2791043277307153,0.2326342264734603,-0.046470101257255,0.5692999958992004,0.553600013256073
ib_w96_om1_s0,664,crossfit,4.0,top4,4.0,0.6085207769702619,0.4945764414265584,-0.1139443355437034,0.6719000041484833,0.6436499953269958
ib_w96_om1_s0,664,crossfit,4.0,top8,8.0,0.4097972368255306,0.3480651593170658,-0.0617320775084647,0.6139000058174133,0.5950499773025513
ib_w96_om1_s0,664,in_sample,0.5,endpoint,3.0,1.1291331548629768,0.8695393042666801,-0.2595938505962967,0.8207499980926514,0.7644000053405762
ib_w96_om1_s0,664,in_sample,0.5,top1,1.0,3.9470909899903175,3.209305884822506,-0.7377851051678115,0.9962000250816344,0.9910500049591064
ib_w96_om1_s0,664,in_sample,0.5,top16,16.0,0.8018595779450793,0.6374583478125473,-0.164401230132532,0.7324000000953674,0.6852499842643738
ib_w96_om1_s0,664,in_sample,0.5,top2,2.0,1.776433639034323,1.3085529101406908,-0.4678807288936322,0.916700005531311,0.8587499856948853
ib_w96_om1_s0,664,in_sample,0.5,top24,24.0,0.8197562414020838,0.6559287313583806,-0.1638275100437032,0.7404999732971191,0.6940000057220459
ib_w96_om1_s0,664,in_sample,0.5,top4,4.0,0.9426686843750576,0.7379209152966403,-0.2047477690784174,0.7781999707221985,0.7246500253677368
ib_w96_om1_s0,664,in_sample,0.5,top8,8.0,0.9638057325164492,0.7430173699540796,-0.2207883625623695,0.775950014591217,0.7200999855995178
ib_w96_om1_s0,664,in_sample,1.0,endpoint,3.0,1.0874824902599929,0.8843598463839929,-0.2031226438759997,0.800849974155426,0.7558500170707703
ib_w96_om1_s0,664,in_sample,1.0,top1,1.0,3.9557460423720703,3.2304479810834,-0.7252980612886706,0.9964500069618224,0.9914000034332277
ib_w96_om1_s0,664,in_sample,1.0,top16,16.0,0.8208590395443935,0.6757568309881072,-0.1451022085562863,0.7404999732971191,0.697700023651123
ib_w96_om1_s0,664,in_sample,1.0,top2,2.0,1.5697056005306376,1.246442791967486,-0.3232628085631517,0.8853999972343445,0.8361999988555908
ib_w96_om1_s0,664,in_sample,1.0,top24,24.0,0.8235169058295666,0.6745831206031239,-0.1489337852264427,0.7411500215530396,0.6998000144958496
ib_w96_om1_s0,664,in_sample,1.0,top4,4.0,0.937966035066858,0.7751795026827326,-0.1627865323841254,0.7710000276565552,0.7312999963760376
ib_w96_om1_s0,664,in_sample,1.0,top8,8.0,0.9745664068801386,0.7816500532966083,-0.1929163535835303,0.7771999835968018,0.7282500267028809
ib_w96_om1_s0,664,in_sample,2.0,endpoint,3.0,1.0636293501061862,0.8860803005828661,-0.17754904952332,0.7942500114440918,0.7493500113487244
ib_w96_om1_s0,664,in_sample,2.0,top1,1.0,3.955226283761161,3.1184884266049218,-0.8367378571562392,0.9962000250816344,0.9887999892234802
ib_w96_om1_s0,664,in_sample,2.0,top16,16.0,0.8748170136757829,0.7610291258089656,-0.1137878878668172,0.7458999752998352,0.7129999995231628
ib_w96_om1_s0,664,in_sample,2.0,top2,2.0,1.4978153317778384,1.2041833638178006,-0.2936319679600379,0.8774499893188477,0.8242499828338623
ib_w96_om1_s0,664,in_sample,2.0,top24,24.0,0.8928845625577567,0.7697472034168277,-0.123137359140929,0.7483999729156494,0.7153000235557556
ib_w96_om1_s0,664,in_sample,2.0,top4,4.0,0.9250760386254409,0.7975362751948675,-0.1275397634305732,0.7642499804496765,0.7290999889373779
ib_w96_om1_s0,664,in_sample,2.0,top8,8.0,0.9699722881165438,0.8196100307493861,-0.1503622573671577,0.7721999883651733,0.7329999804496765
ib_w96_om1_s0,664,in_sample,3.0,endpoint,3.0,1.0736903799113018,0.9129803447285254,-0.1607100351827763,0.7876499891281128,0.7471500039100647
ib_w96_om1_s0,664,in_sample,3.0,top1,1.0,4.029114032979456,3.1375289972104543,-0.8915850357690012,0.996999979019165,0.9896000027656556
ib_w96_om1_s0,664,in_sample,3.0,top16,16.0,1.0009117902319318,0.8913732600828662,-0.1095385301490655,0.765500009059906,0.7396000027656555
ib_w96_om1_s0,664,in_sample,3.0,top2,2.0,1.4633130785586703,1.195123080686805,-0.2681899978718653,0.8665000200271606,0.814050018787384
ib_w96_om1_s0,664,in_sample,3.0,top24,24.0,1.0423909601163774,0.9167216634479314,-0.125669296668446,0.777649998664856,0.7477499842643738
ib_w96_om1_s0,664,in_sample,3.0,top4,4.0,0.946884348948232,0.8305198953160997,-0.1163644536321323,0.7580000162124634,0.7271999716758728
ib_w96_om1_s0,664,in_sample,3.0,top8,8.0,1.0332779631094864,0.8964503828844133,-0.1368275802250731,0.7767999768257141,0.7434999942779541
ib_w96_om1_s0,664,in_sample,4.0,endpoint,3.0,1.0400025856645227,0.8954222293655271,-0.1445803562989956,0.7771499752998352,0.7437999844551086
ib_w96_om1_s0,664,in_sample,4.0,top1,1.0,4.016472107739985,3.2164638065605904,-0.8000083011793948,0.9969499707221984,0.9904999732971193
ib_w96_om1_s0,664,in_sample,4.0,top16,16.0,1.0618236918522037,0.9503717911763184,-0.1114519006758852,0.7778000235557556,0.75204998254776
ib_w96_om1_s0,664,in_sample,4.0,top2,2.0,1.4012337893828235,1.17227288694073,-0.2289609024420937,0.8551499843597412,0.8080000281333923
ib_w96_om1_s0,664,in_sample,4.0,top24,24.0,1.1216821412692335,0.9942785470936124,-0.1274035941756212,0.7922000288963318,0.7651000022888184
ib_w96_om1_s0,664,in_sample,4.0,top4,4.0,0.934538136477814,0.8287574391114769,-0.1057806973663372,0.7537000179290771,0.7265999913215637
ib_w96_om1_s0,664,in_sample,4.0,top8,8.0,1.0713534080613716,0.933972549061553,-0.1373808589998185,0.7837499976158142,0.7518500089645386
ib_w96_om1_s0,720,crossfit,0.5,endpoint,12.0,1.752266935833241,1.5491354225122014,-0.2031315133210397,0.9084749817848206,0.8838500082492828
ib_w96_om1_s0,720,crossfit,0.5,top1,1.0,2.25013472442226,2.0589613109775358,-0.1911734134447242,0.94404998421669,0.929150015115738
ib_w96_om1_s0,720,crossfit,0.5,top16,16.0,1.4906407272587765,1.3250656006493409,-0.1655751266094356,0.8786999881267548,0.851500004529953
ib_w96_om1_s0,720,crossfit,0.5,top2,2.0,2.256695331638735,1.9938186893487528,-0.2628766422899817,0.9555000066757202,0.9388000071048735
ib_w96_om1_s0,720,crossfit,0.5,top24,24.0,1.138773363237355,0.9971782542490752,-0.1415951089882797,0.8007999956607819,0.7689000070095062
ib_w96_om1_s0,720,crossfit,0.5,top4,4.0,2.061443953363956,1.8299641668215592,-0.2314797865423967,0.939050018787384,0.919050008058548
ib_w96_om1_s0,720,crossfit,0.5,top8,8.0,1.8657841228655296,1.653584995266816,-0.2121991275987138,0.9215999841690063,0.8977999985218048
ib_w96_om1_s0,720,crossfit,1.0,endpoint,12.0,1.3079034768832916,1.1320189437974513,-0.1758845330858404,0.8142499923706055,0.7858500182628632
ib_w96_om1_s0,720,crossfit,1.0,top1,1.0,2.2614988841464427,2.049606694234829,-0.2118921899116136,0.9463500082492828,0.9287000000476836
ib_w96_om1_s0,720,crossfit,1.0,top16,16.0,1.0213661197696182,0.8838608511316466,-0.1375052686379714,0.7791999876499176,0.7480500042438507
ib_w96_om1_s0,720,crossfit,1.0,top2,2.0,2.2430221353647832,1.983365100910203,-0.2596570344545805,0.9575499892234802,0.9406500160694122
ib_w96_om1_s0,720,crossfit,1.0,top24,24.0,0.6635643337350396,0.5573467998047931,-0.1062175339302466,0.6932999789714813,0.6646499931812286
ib_w96_om1_s0,720,crossfit,1.0,top4,4.0,2.0871755430379464,1.84618532546828,-0.2409902175696668,0.9418500065803528,0.9221000075340272
ib_w96_om1_s0,720,crossfit,1.0,top8,8.0,1.5596059503778514,1.3854402429303645,-0.1741657074474871,0.8749500215053558,0.8526999950408936
ib_w96_om1_s0,720,crossfit,2.0,endpoint,12.0,1.243232309937187,1.085482883783442,-0.1577494261537449,0.7911500036716461,0.7615499794483185
ib_w96_om1_s0,720,crossfit,2.0,top1,1.0,2.3441444539759884,2.024021610839571,-0.3201228431364175,0.9527499973773956,0.925000011920929
ib_w96_om1_s0,720,crossfit,2.0,top16,16.0,0.9024981951757708,0.7816713868205754,-0.1208268083551953,0.747299998998642,0.7213000059127808
ib_w96_om1_s0,720,crossfit,2.0,top2,2.0,2.3864542574615006,2.02276771479134,-0.3636865426701612,0.9623000025749208,0.9408000111579896
ib_w96_om1_s0,720,crossfit,2.0,top24,24.0,0.6239243193951659,0.5379539788693382,-0.0859703405258278,0.6752999722957611,0.6519500017166138
ib_w96_om1_s0,720,crossfit,2.0,top4,4.0,2.160134262173564,1.8819206827629205,-0.2782135794106436,0.947700023651123,0.92289999127388
ib_w96_om1_s0,720,crossfit,2.0,top8,8.0,1.4631671959534285,1.28078591435228,-0.1823812816011482,0.8513999879360199,0.8210500180721283
ib_w96_om1_s0,720,crossfit,3.0,endpoint,12.0,1.1900104074101434,1.0201466605583605,-0.1698637468517829,0.7802500128746033,0.7478499710559845
ib_w96_om1_s0,720,crossfit,3.0,top1,1.0,2.556710086609592,2.1359973955225904,-0.4207126910870018,0.964599996805191,0.935699999332428
ib_w96_om1_s0,720,crossfit,3.0,top16,16.0,0.8384365004196503,0.7158944021495168,-0.1225420982701334,0.7281000018119812,0.695900022983551
ib_w96_om1_s0,720,crossfit,3.0,top2,2.0,2.594167733292166,2.144293465128711,-0.4498742681634549,0.9686999917030334,0.946949988603592
ib_w96_om1_s0,720,crossfit,3.0,top24,24.0,0.5706805733208387,0.4861253459033783,-0.0845552274174603,0.6570500135421753,0.6355000138282776
ib_w96_om1_s0,720,crossfit,3.0,top4,4.0,2.3479370418543164,2.0040261693572345,-0.3439108724970818,0.9560000002384186,0.931650012731552
ib_w96_om1_s0,720,crossfit,3.0,top8,8.0,1.4479768128975388,1.24200191691903,-0.2059748959785087,0.8531500101089478,0.8169500231742859
ib_w96_om1_s0,720,crossfit,4.0,endpoint,12.0,0.878798220303945,0.7344554886533013,-0.1443427316506436,0.732699990272522,0.6974999904632568
ib_w96_om1_s0,720,crossfit,4.0,top1,1.0,2.419498016622182,2.0290104601615795,-0.390487556460602,0.9573499858379364,0.927350014448166
ib_w96_om1_s0,720,crossfit,4.0,top16,16.0,0.556124117291921,0.4573516194927942,-0.0987724977991268,0.6584999859333038,0.6283999979496002
ib_w96_om1_s0,720,crossfit,4.0,top2,2.0,2.4673761867525466,2.0547644376655763,-0.4126117490869705,0.9643499851226808,0.9377000033855438
ib_w96_om1_s0,720,crossfit,4.0,top24,24.0,0.3049446689534496,0.2365456045695894,-0.0683990643838602,0.5846000015735626,0.5650500059127808
ib_w96_om1_s0,720,crossfit,4.0,top4,4.0,2.2273658577483406,1.8807943597593504,-0.34657149798899,0.946700006723404,0.91635000705719
ib_w96_om1_s0,720,crossfit,4.0,top8,8.0,1.1161864473317629,0.9468537480494468,-0.1693326992823159,0.8027499914169312,0.7685000002384186
ib_w96_om1_s0,720,in_sample,0.5,endpoint,6.0,1.954055870403408,1.7385547966044304,-0.2155010737989775,0.9278500080108644,0.9079999923706056
ib_w96_om1_s0,720,in_sample,0.5,top1,1.0,2.251329749595837,2.034727869450737,-0.2166018801451006,0.946150004863739,0.9301999807357788
ib_w96_om1_s0,720,in_sample,0.5,top16,16.0,1.6566913127413885,1.4888486547749056,-0.1678426579664829,0.8991000056266785,0.8761000037193298
ib_w96_om1_s0,720,in_sample,0.5,top2,2.0,2.2513277791635486,1.9753534438469824,-0.2759743353165664,0.9560999870300292,0.9399999976158142
ib_w96_om1_s0,720,in_sample,0.5,top24,24.0,1.497212309906296,1.3412313422386095,-0.1559809676676862,0.8812500238418579,0.8555999994277954
ib_w96_om1_s0,720,in_sample,0.5,top4,4.0,2.119541880740953,1.8700216153454947,-0.2495202653954582,0.9484000205993652,0.928749978542328
ib_w96_om1_s0,720,in_sample,0.5,top8,8.0,1.9093217939089404,1.720238865708904,-0.1890829282000363,0.9252499938011168,0.9053999781608582
ib_w96_om1_s0,720,in_sample,1.0,endpoint,6.0,2.008214341717321,1.7700069373058247,-0.2382074044114961,0.934849977493286,0.912750005722046
ib_w96_om1_s0,720,in_sample,1.0,top1,1.0,2.2826931723641195,2.044597664396458,-0.2380955079676616,0.948300004005432,0.9315500259399414
ib_w96_om1_s0,720,in_sample,1.0,top16,16.0,1.6829613590364418,1.5136291394983123,-0.1693322195381295,0.90625,0.882099986076355
ib_w96_om1_s0,720,in_sample,1.0,top2,2.0,2.254387252399511,1.978111623488658,-0.276275628910853,0.9589499831199646,0.9412500262260436
ib_w96_om1_s0,720,in_sample,1.0,top24,24.0,1.5692263749244055,1.4091548204128594,-0.1600715545115461,0.8846499919891357,0.8567500114440918
ib_w96_om1_s0,720,in_sample,1.0,top4,4.0,2.141044776245432,1.882062075555087,-0.2589827006903449,0.9487500190734864,0.9304500222206116
ib_w96_om1_s0,720,in_sample,1.0,top8,8.0,1.9552724072880472,1.751321262944191,-0.2039511443438562,0.9303500056266784,0.911300003528595
ib_w96_om1_s0,720,in_sample,2.0,endpoint,6.0,2.028741437514145,1.7825020336121165,-0.246239403902029,0.9398499727249146,0.912500023841858
ib_w96_om1_s0,720,in_sample,2.0,top1,1.0,2.36483037485139,2.0124299998374537,-0.3524003750139362,0.9570000171661376,0.9300000071525574
ib_w96_om1_s0,720,in_sample,2.0,top16,16.0,1.5174439160110935,1.384123847473119,-0.1333200685379745,0.8751000165939331,0.850849986076355
ib_w96_om1_s0,720,in_sample,2.0,top2,2.0,2.394223221741816,2.013391227892527,-0.3808319938492883,0.9646499752998352,0.9428499937057496
ib_w96_om1_s0,720,in_sample,2.0,top24,24.0,1.3901575966240236,1.2677871402804477,-0.1223704563435761,0.8488500118255615,0.8242499828338623
ib_w96_om1_s0,720,in_sample,2.0,top4,4.0,2.210025563610931,1.9045311809235184,-0.3054943826874126,0.9551500082015992,0.9308000206947328
ib_w96_om1_s0,720,in_sample,2.0,top8,8.0,1.9799293256692048,1.789257322224365,-0.1906720034448397,0.9363999962806702,0.9165499806404114
ib_w96_om1_s0,720,in_sample,3.0,endpoint,6.0,2.2956000725613617,1.9844700100373576,-0.3111300625240039,0.9540500044822692,0.9296000003814696
ib_w96_om1_s0,720,in_sample,3.0,top1,1.0,2.6161264244081592,2.1569617530603558,-0.4591646713478039,0.9681500196456908,0.9391999840736388
ib_w96_om1_s0,720,in_sample,3.0,top16,16.0,1.7322447885357668,1.581791514517574,-0.1504532740181927,0.902649998664856,0.8833500146865845
ib_w96_om1_s0,720,in_sample,3.0,top2,2.0,2.65456596149213,2.1779821556918195,-0.4765838058003111,0.971650004386902,0.9508500099182128
ib_w96_om1_s0,720,in_sample,3.0,top24,24.0,1.5414194965827546,1.409139864604127,-0.1322796319786274,0.8731499910354614,0.8507000207901001
ib_w96_om1_s0,720,in_sample,3.0,top4,4.0,2.4886794997630477,2.1137414430921915,-0.3749380566708558,0.9653000235557556,0.9427499771118164
ib_w96_om1_s0,720,in_sample,3.0,top8,8.0,2.243529116869592,2.018059504054499,-0.2254696128150928,0.9508000016212464,0.9336000084877014
ib_w96_om1_s0,720,in_sample,4.0,endpoint,6.0,2.1755699332273646,1.8625156868560184,-0.3130542463713459,0.9448500275611876,0.914900004863739
ib_w96_om1_s0,720,in_sample,4.0,top1,1.0,2.5026812985747324,2.057688749435182,-0.4449925491395503,0.964049994945526,0.9315000176429749
ib_w96_om1_s0,720,in_sample,4.0,top16,16.0,1.6658539558730987,1.520393951282225,-0.1454600045908733,0.8964999914169312,0.8766499757766724
ib_w96_om1_s0,720,in_sample,4.0,top2,2.0,2.5419899051499404,2.094515973017651,-0.4474739321322896,0.9686999917030334,0.9441499710083008
ib_w96_om1_s0,720,in_sample,4.0,top24,24.0,1.5018328813817925,1.371930344082292,-0.1299025372995004,0.8674499988555908,0.8462499976158142
ib_w96_om1_s0,720,in_sample,4.0,top4,4.0,2.3725280197463694,2.0031095906880467,-0.3694184290583227,0.9589999914169312,0.930899977684021
ib_w96_om1_s0,720,in_sample,4.0,top8,8.0,2.124254158246877,1.8927494560659093,-0.2315047021809679,0.9411500096321106,0.9192500114440918
ib_w96_om1_s0,793,crossfit,0.5,endpoint,6.0,7.503154518967892,8.06980520896838,0.5666506900004871,1.0,1.0
ib_w96_om1_s0,793,crossfit,0.5,top1,1.0,6.820371041153475,7.35649992039316,0.5361288792396848,1.0,1.0
ib_w96_om1_s0,793,crossfit,0.5,top16,16.0,2.99077633468388,2.8367651535574376,-0.1540111811264422,0.974049985408783,0.9656499922275544
ib_w96_om1_s0,793,crossfit,0.5,top2,2.0,8.196904327406454,8.90870850712413,0.7118041797176762,1.0,1.0
ib_w96_om1_s0,793,crossfit,0.5,top24,24.0,2.5670992165324,2.402431657959478,-0.1646675585729216,0.9530499875545502,0.940200001001358
ib_w96_om1_s0,793,crossfit,0.5,top4,4.0,7.735843135897737,8.304222499155976,0.568379363258241,1.0,1.0
ib_w96_om1_s0,793,crossfit,0.5,top8,8.0,6.587873048268076,6.713361438994119,0.1254883907260429,0.9999499917030334,1.0
ib_w96_om1_s0,793,crossfit,1.0,endpoint,6.0,6.060335636036562,6.397656450035605,0.3373208139990424,0.9900499880313872,0.9900499880313872
ib_w96_om1_s0,793,crossfit,1.0,top1,1.0,6.891380531840303,7.857294751287782,0.965914219447479,1.0,1.0
ib_w96_om1_s0,793,crossfit,1.0,top16,16.0,2.050964545845651,1.90149692393962,-0.1494676219060309,0.934599995613098,0.9196499884128572
ib_w96_om1_s0,793,crossfit,1.0,top2,2.0,8.39843308111244,9.45737405359736,1.058940972484919,1.0,1.0
ib_w96_om1_s0,793,crossfit,1.0,top24,24.0,1.6969389595021176,1.5515751410749423,-0.1453638184271749,0.8979499936103821,0.8799999952316284
ib_w96_om1_s0,793,crossfit,1.0,top4,4.0,6.094739521988075,6.496658667047406,0.4019191450593311,0.9900499880313872,0.9900499880313872
ib_w96_om1_s0,793,crossfit,1.0,top8,8.0,4.545534998973684,4.558452109536714,0.0129171105630292,0.9878999888896942,0.9864000082015992
ib_w96_om1_s0,793,crossfit,2.0,endpoint,6.0,5.948926588093258,6.237506104987697,0.2885795168944396,0.9900000095367432,0.9906499981880188
ib_w96_om1_s0,793,crossfit,2.0,top1,1.0,7.415102002788195,8.126058952317214,0.7109569495290189,1.0,1.0
ib_w96_om1_s0,793,crossfit,2.0,top16,16.0,1.7517608849181203,1.6637035563971367,-0.0880573285209834,0.8950999975204468,0.8849999904632568
ib_w96_om1_s0,793,crossfit,2.0,top2,2.0,8.966204600138786,9.674780500247484,0.7085759001086958,1.0,1.0
ib_w96_om1_s0,793,crossfit,2.0,top24,24.0,1.539683738208,1.4498227368448426,-0.0898610013631573,0.8668999969959259,0.8535000085830688
ib_w96_om1_s0,793,crossfit,2.0,top4,4.0,5.938239414227736,6.156091891837431,0.2178524776096952,0.990449994802475,0.990750014781952
ib_w96_om1_s0,793,crossfit,2.0,top8,8.0,3.7666884908712057,3.892218100368893,0.1255296094976874,0.9800499975681304,0.978300005197525
ib_w96_om1_s0,793,crossfit,3.0,endpoint,6.0,5.678507807909492,5.959401547268815,0.2808937393593227,0.9867999851703644,0.9870499968528748
ib_w96_om1_s0,793,crossfit,3.0,top1,1.0,7.432942967702584,8.278599797894383,0.8456568301917988,1.0,1.0
ib_w96_om1_s0,793,crossfit,3.0,top16,16.0,1.542329090594341,1.4709886057792467,-0.0713404848150943,0.8684000074863434,0.8577000200748444
ib_w96_om1_s0,793,crossfit,3.0,top2,2.0,8.95683367081012,9.722257003829943,0.7654233330198243,1.0,1.0
ib_w96_om1_s0,793,crossfit,3.0,top24,24.0,1.3239528740089832,1.2511394363527475,-0.0728134376562359,0.8341000080108643,0.8207999765872955
ib_w96_om1_s0,793,crossfit,3.0,top4,4.0,5.8891626450422745,6.100978023933494,0.2118153788912191,0.9896000027656556,0.989650011062622
ib_w96_om1_s0,793,crossfit,3.0,top8,8.0,3.273501386260314,3.3890385050288176,0.1155371187685034,0.9661500155925752,0.9654499888420104
ib_w96_om1_s0,793,crossfit,4.0,endpoint,6.0,5.607753045924908,5.888860203414861,0.2811071574899526,0.9871000051498412,0.9866999983787536
ib_w96_om1_s0,793,crossfit,4.0,top1,1.0,7.43939596351143,8.27369686241277,0.8343008989013398,1.0,1.0
ib_w96_om1_s0,793,crossfit,4.0,top16,16.0,1.451795503644723,1.3922582435441748,-0.0595372601005482,0.8573499917984009,0.8468500077724457
ib_w96_om1_s0,793,crossfit,4.0,top2,2.0,8.949575766212336,9.701162850478209,0.7515870842658732,1.0,1.0
ib_w96_om1_s0,793,crossfit,4.0,top24,24.0,1.2685790437478732,1.203315129313273,-0.0652639144346007,0.8260999917984009,0.8122000098228455
ib_w96_om1_s0,793,crossfit,4.0,top4,4.0,5.769356705665005,5.961647443037543,0.1922907373725377,0.9888499975204468,0.9883500039577484
ib_w96_om1_s0,793,crossfit,4.0,top8,8.0,3.119411782017795,3.248192728973608,0.1287809469558132,0.964849978685379,0.9653500020503998
ib_w96_om1_s0,793,in_sample,0.5,endpoint,5.0,7.838058049499599,8.279107372210003,0.4410493227104037,1.0,1.0
ib_w96_om1_s0,793,in_sample,0.5,top1,1.0,6.811239825632285,7.347747107581724,0.5365072819494392,1.0,1.0
ib_w96_om1_s0,793,in_sample,0.5,top16,16.0,6.412886011629913,6.148303184867533,-0.2645828267623802,1.0,1.0
ib_w96_om1_s0,793,in_sample,0.5,top2,2.0,8.175745622948583,8.873536417282523,0.6977907943339403,1.0,1.0
ib_w96_om1_s0,793,in_sample,0.5,top24,24.0,4.978238687060981,4.695689436859732,-0.2825492502012485,0.9992499947547911,0.9989500045776368
ib_w96_om1_s0,793,in_sample,0.5,top4,4.0,7.861305143747841,8.302110454917443,0.4408053111696022,1.0,1.0
ib_w96_om1_s0,793,in_sample,0.5,top8,8.0,7.497911049446987,7.638254247981568,0.1403431985345804,1.0,1.0
ib_w96_om1_s0,793,in_sample,1.0,endpoint,5.0,8.145150769512641,8.834609040467269,0.6894582709546277,1.0,1.0
ib_w96_om1_s0,793,in_sample,1.0,top1,1.0,6.87919643728463,7.850284164067072,0.971087726782442,1.0,1.0
ib_w96_om1_s0,793,in_sample,1.0,top16,16.0,6.045428008408981,5.929389827386769,-0.1160381810222119,1.0,1.0
ib_w96_om1_s0,793,in_sample,1.0,top2,2.0,8.391347928470275,9.430063160201094,1.0387152317308193,1.0,1.0
ib_w96_om1_s0,793,in_sample,1.0,top24,24.0,4.463440079085763,4.370695789923198,-0.0927442891625647,0.9994500279426576,0.9992499947547911
ib_w96_om1_s0,793,in_sample,1.0,top4,4.0,8.152799213699677,8.884828012615841,0.7320287989161649,1.0,1.0
ib_w96_om1_s0,793,in_sample,1.0,top8,8.0,7.097073388231439,7.460661319544971,0.3635879313135319,1.0,1.0
ib_w96_om1_s0,793,in_sample,2.0,endpoint,5.0,8.515137078525415,8.904557391084523,0.3894203125591087,1.0,1.0
ib_w96_om1_s0,793,in_sample,2.0,top1,1.0,7.412522820728033,8.113101876467532,0.7005790557394986,1.0,1.0
ib_w96_om1_s0,793,in_sample,2.0,top16,16.0,4.083948578170642,4.090000543693212,0.0060519655225697,0.9994000196456908,0.9992499947547911
ib_w96_om1_s0,793,in_sample,2.0,top2,2.0,8.921458169590549,9.612771305855826,0.6913131362652774,1.0,1.0
ib_w96_om1_s0,793,in_sample,2.0,top24,24.0,3.196712847338354,3.118820544264437,-0.0778923030739173,0.993149995803833,0.9924499988555908
ib_w96_om1_s0,793,in_sample,2.0,top4,4.0,8.62506478004031,8.93644172318317,0.3113769431428608,1.0,1.0
ib_w96_om1_s0,793,in_sample,2.0,top8,8.0,6.815893981389396,7.133227230975073,0.3173332495856762,1.0,1.0
ib_w96_om1_s0,793,in_sample,3.0,endpoint,5.0,8.568441776493604,8.990636236848419,0.4221944603548149,1.0,1.0
ib_w96_om1_s0,793,in_sample,3.0,top1,1.0,7.464357539953018,8.274846900829177,0.8104893608761587,1.0,1.0
ib_w96_om1_s0,793,in_sample,3.0,top16,16.0,3.115792560976048,3.0446527989603505,-0.0711397620156977,0.9921000003814696,0.9904000163078308
ib_w96_om1_s0,793,in_sample,3.0,top2,2.0,8.949311195170324,9.681753660338604,0.7324424651682797,1.0,1.0
ib_w96_om1_s0,793,in_sample,3.0,top24,24.0,2.3989660258645986,2.29908385738982,-0.0998821684747786,0.9665499925613404,0.960449993610382
ib_w96_om1_s0,793,in_sample,3.0,top4,4.0,8.665252117991068,8.978415434222804,0.3131633162317353,1.0,1.0
ib_w96_om1_s0,793,in_sample,3.0,top8,8.0,6.273233209271776,6.4204048512990886,0.1471716420273123,1.0,1.0
ib_w96_om1_s0,793,in_sample,4.0,endpoint,5.0,8.566411202380154,8.966655475113166,0.400244272733012,1.0,1.0
ib_w96_om1_s0,793,in_sample,4.0,top1,1.0,7.475874817792444,8.282185744843693,0.806310927051249,1.0,1.0
ib_w96_om1_s0,793,in_sample,4.0,top16,16.0,3.119405731036721,3.0443483534809057,-0.0750573775558152,0.992550015449524,0.9905999898910522
ib_w96_om1_s0,793,in_sample,4.0,top2,2.0,8.94988833332735,9.668983660386234,0.7190953270588842,1.0,1.0
ib_w96_om1_s0,793,in_sample,4.0,top24,24.0,2.4153071271472517,2.3011490135653125,-0.1141581135819387,0.9684000015258788,0.9611999988555908
ib_w96_om1_s0,793,in_sample,4.0,top4,4.0,8.66363410866616,8.951191221651367,0.2875571129852066,1.0,1.0
ib_w96_om1_s0,793,in_sample,4.0,top8,8.0,6.306361238258291,6.439141826163101,0.1327805879048096,1.0,1.0
ib_w96_om1_s0,1122,crossfit,0.5,endpoint,2.0,3.5790193676140056,3.459620654261053,-0.1193987133529526,0.9950499832630156,0.9930000007152556
ib_w96_om1_s0,1122,crossfit,0.5,top1,1.0,3.898033760506104,3.802126398161063,-0.095907362345041,0.9971500039100648,0.9959000051021576
ib_w96_om1_s0,1122,crossfit,0.5,top16,16.0,1.1206898603114228,1.0158228562444758,-0.104867004066947,0.8194499909877777,0.8032999932765961
ib_w96_om1_s0,1122,crossfit,0.5,top2,2.0,3.5790193676140056,3.459620654261053,-0.1193987133529526,0.9950499832630156,0.9930000007152556
ib_w96_om1_s0,1122,crossfit,0.5,top24,24.0,0.8802752359845056,0.7932660474033006,-0.0870091885812049,0.7659000158309937,0.7497999966144562
ib_w96_om1_s0,1122,crossfit,0.5,top4,4.0,3.208296826064617,3.043704019627076,-0.1645928064375408,0.9893999993801116,0.9846999943256378
ib_w96_om1_s0,1122,crossfit,0.5,top8,8.0,2.315274311682873,2.1316433889127278,-0.1836309227701451,0.9512999951839448,0.9370499849319458
ib_w96_om1_s0,1122,crossfit,1.0,endpoint,2.0,3.828295618077285,3.614813156767448,-0.2134824613098374,0.9977000057697296,0.9941499829292296
ib_w96_om1_s0,1122,crossfit,1.0,top1,1.0,4.166732542243523,3.953164977382792,-0.2135675648607309,0.9984999895095824,0.9968999922275544
ib_w96_om1_s0,1122,crossfit,1.0,top16,16.0,1.04610103546208,0.9224968869173812,-0.1236041485446987,0.7998499870300293,0.7797499895095825
ib_w96_om1_s0,1122,crossfit,1.0,top2,2.0,3.828295618077285,3.614813156767448,-0.2134824613098374,0.9977000057697296,0.9941499829292296
ib_w96_om1_s0,1122,crossfit,1.0,top24,24.0,0.8465904066812284,0.7427994879824175,-0.1037909186988109,0.7551000118255615,0.729750007390976
ib_w96_om1_s0,1122,crossfit,1.0,top4,4.0,3.521075883744456,3.2927294307840187,-0.2283464529604371,0.9957000017166138,0.9919999837875366
ib_w96_om1_s0,1122,crossfit,1.0,top8,8.0,2.494757829430373,2.271116201104292,-0.2236416283260813,0.9634999930858612,0.9502000212669371
ib_w96_om1_s0,1122,crossfit,2.0,endpoint,2.0,3.750944399636991,3.465000502115636,-0.2859438975213546,0.9970499873161316,0.9910999834537506
ib_w96_om1_s0,1122,crossfit,2.0,top1,1.0,4.200633391401366,3.804352567793441,-0.3962808236079256,0.9990500211715698,0.9946500062942504
ib_w96_om1_s0,1122,crossfit,2.0,top16,16.0,0.8963046257492232,0.7819434534072007,-0.1143611723420224,0.7657999992370605,0.7376500070095062
ib_w96_om1_s0,1122,crossfit,2.0,top2,2.0,3.750944399636991,3.465000502115636,-0.2859438975213546,0.9970499873161316,0.9910999834537506
ib_w96_om1_s0,1122,crossfit,2.0,top24,24.0,0.6848273882556444,0.5887754632578475,-0.0960519249977968,0.7075000107288361,0.6818499863147736
ib_w96_om1_s0,1122,crossfit,2.0,top4,4.0,3.057444113712423,2.789049883537397,-0.2683942301750261,0.9847500026226044,0.9735000133514404
ib_w96_om1_s0,1122,crossfit,2.0,top8,8.0,2.1517041932205165,1.9581369794108812,-0.1935672138096348,0.946949988603592,0.9308499991893768
ib_w96_om1_s0,1122,crossfit,3.0,endpoint,2.0,3.756300877894274,3.440106529968577,-0.3161943479256972,0.997349977493286,0.9912999868392944
ib_w96_om1_s0,1122,crossfit,3.0,top1,1.0,4.19791140496578,3.794668455104538,-0.4032429498612411,0.999099999666214,0.9950999915599824
ib_w96_om1_s0,1122,crossfit,3.0,top16,16.0,0.7170550199027892,0.6195491289764319,-0.0975058909263573,0.7193499803543091,0.6984499990940094
ib_w96_om1_s0,1122,crossfit,3.0,top2,2.0,3.756300877894274,3.440106529968577,-0.3161943479256972,0.997349977493286,0.9912999868392944
ib_w96_om1_s0,1122,crossfit,3.0,top24,24.0,0.5355055149928787,0.4565041769936698,-0.0790013379992087,0.666949987411499,0.6466499865055084
ib_w96_om1_s0,1122,crossfit,3.0,top4,4.0,2.819291191923715,2.557674459526744,-0.2616167323969707,0.9711499810218812,0.9572999775409698
ib_w96_om1_s0,1122,crossfit,3.0,top8,8.0,1.8756488575636203,1.691975132288718,-0.1836737252749023,0.925799995660782,0.8994500041007996
ib_w96_om1_s0,1122,crossfit,4.0,endpoint,2.0,3.723670850169412,3.42809329438366,-0.2955775557857512,0.9973500072956084,0.991699993610382
ib_w96_om1_s0,1122,crossfit,4.0,top1,1.0,4.179797848256671,3.782864572056276,-0.3969332762003941,0.9990499913692474,0.9957500100135804
ib_w96_om1_s0,1122,crossfit,4.0,top16,16.0,0.7441353654467946,0.6746266061946242,-0.0695087592521703,0.7086499929428101,0.6908999979496002
ib_w96_om1_s0,1122,crossfit,4.0,top2,2.0,3.723670850169412,3.42809329438366,-0.2955775557857512,0.9973500072956084,0.991699993610382
ib_w96_om1_s0,1122,crossfit,4.0,top24,24.0,0.5789797279998812,0.5179922302427984,-0.0609874977570827,0.6622999906539917,0.6446499824523926
ib_w96_om1_s0,1122,crossfit,4.0,top4,4.0,2.7469840248553616,2.5114343606302,-0.2355496642251617,0.9652000069618224,0.9535000026226044
ib_w96_om1_s0,1122,crossfit,4.0,top8,8.0,1.813204756564108,1.6818439748762055,-0.1313607816879024,0.9136499762535096,0.8948000073432922
ib_w96_om1_s0,1122,in_sample,0.5,endpoint,2.0,3.572071942686265,3.451166771768936,-0.1209051709173292,0.9951500296592712,0.993250012397766
ib_w96_om1_s0,1122,in_sample,0.5,top1,1.0,3.893208012906658,3.781173281507737,-0.1120347313989214,0.9970499873161316,0.9958500266075134
ib_w96_om1_s0,1122,in_sample,0.5,top16,16.0,2.0311677488332283,1.8296805225619688,-0.2014872262712594,0.9363499879837036,0.9203000068664552
ib_w96_om1_s0,1122,in_sample,0.5,top2,2.0,3.572071942686265,3.451166771768936,-0.1209051709173292,0.9951500296592712,0.993250012397766
ib_w96_om1_s0,1122,in_sample,0.5,top24,24.0,1.715669422179522,1.5210875276442954,-0.1945818945352264,0.9024999737739564,0.8787999749183655
ib_w96_om1_s0,1122,in_sample,0.5,top4,4.0,3.261003935155798,3.0962162804678,-0.1647876546879976,0.991100013256073,0.9864500164985656
ib_w96_om1_s0,1122,in_sample,0.5,top8,8.0,2.989878137501861,2.8295218572050205,-0.160356280296841,0.9839500188827516,0.9796500205993652
ib_w96_om1_s0,1122,in_sample,1.0,endpoint,2.0,3.847611587854036,3.614562915665785,-0.2330486721882509,0.9977999925613404,0.994350016117096
ib_w96_om1_s0,1122,in_sample,1.0,top1,1.0,4.175775007644704,3.929317262401205,-0.2464577452434988,0.9986000061035156,0.9970499873161316
ib_w96_om1_s0,1122,in_sample,1.0,top16,16.0,2.0715385297476074,1.8691093790189908,-0.2024291507286166,0.9337000250816344,0.91729998588562
ib_w96_om1_s0,1122,in_sample,1.0,top2,2.0,3.847611587854036,3.614562915665785,-0.2330486721882509,0.9977999925613404,0.994350016117096
ib_w96_om1_s0,1122,in_sample,1.0,top24,24.0,1.764750290380968,1.5799927404783252,-0.1847575499026428,0.9045500159263612,0.8842999935150146
ib_w96_om1_s0,1122,in_sample,1.0,top4,4.0,3.5229124986487697,3.266223362618905,-0.2566891360298644,0.9944499731063844,0.9898499846458436
ib_w96_om1_s0,1122,in_sample,1.0,top8,8.0,3.246189518986228,3.011740205656303,-0.2344493133299248,0.9904999732971193,0.9854999780654908
ib_w96_om1_s0,1122,in_sample,2.0,endpoint,2.0,3.789709145859729,3.464541591812514,-0.3251675540472138,0.9973000288009644,0.9915000200271606
ib_w96_om1_s0,1122,in_sample,2.0,top1,1.0,4.221828359956027,3.790037898366563,-0.4317904615894643,0.9990500211715698,0.9951000213623048
ib_w96_om1_s0,1122,in_sample,2.0,top16,16.0,2.153405192975298,1.961541198827408,-0.1918639941478903,0.9416999816894532,0.9231500029563904
ib_w96_om1_s0,1122,in_sample,2.0,top2,2.0,3.789709145859729,3.464541591812514,-0.3251675540472138,0.9973000288009644,0.9915000200271606
ib_w96_om1_s0,1122,in_sample,2.0,top24,24.0,1.7480245070401472,1.5568431169405808,-0.1911813900995664,0.9075499773025512,0.8849499821662903
ib_w96_om1_s0,1122,in_sample,2.0,top4,4.0,3.451159242939699,3.1519443983639857,-0.2992148445757134,0.9942499995231628,0.9875500202178956
ib_w96_om1_s0,1122,in_sample,2.0,top8,8.0,3.194102557924197,2.9281537607667536,-0.2659487971574434,0.9904999732971193,0.9828000068664552
ib_w96_om1_s0,1122,in_sample,3.0,endpoint,2.0,3.820313355499232,3.47815912945834,-0.3421542260408921,0.9975000023841858,0.9921500086784364
ib_w96_om1_s0,1122,in_sample,3.0,top1,1.0,4.248461439992946,3.807461216197592,-0.4410002237953545,0.9991499781608582,0.995199978351593
ib_w96_om1_s0,1122,in_sample,3.0,top16,16.0,2.0952385085084195,1.9285145012206653,-0.1667240072877542,0.9399999976158142,0.922249972820282
ib_w96_om1_s0,1122,in_sample,3.0,top2,2.0,3.820313355499232,3.47815912945834,-0.3421542260408921,0.9975000023841858,0.9921500086784364
ib_w96_om1_s0,1122,in_sample,3.0,top24,24.0,1.748968617171858,1.5749128020364032,-0.1740558151354549,0.9120000004768372,0.8903999924659729
ib_w96_om1_s0,1122,in_sample,3.0,top4,4.0,3.5022690918462955,3.1967380395080425,-0.305531052338253,0.9950000047683716,0.9886999726295472
ib_w96_om1_s0,1122,in_sample,3.0,top8,8.0,3.160288242433109,2.8741256774042934,-0.2861625650288157,0.9905499815940856,0.9825000166893004
ib_w96_om1_s0,1122,in_sample,4.0,endpoint,2.0,3.796643915047218,3.464883839103971,-0.3317600759432468,0.997349977493286,0.9921000003814696
ib_w96_om1_s0,1122,in_sample,4.0,top1,1.0,4.235216386650573,3.793295944192377,-0.4419204424581959,0.9991999864578248,0.9958000183105468
ib_w96_om1_s0,1122,in_sample,4.0,top16,16.0,1.871308514566288,1.731792899586211,-0.1395156149800764,0.9205499887466432,0.9021000266075134
ib_w96_om1_s0,1122,in_sample,4.0,top2,2.0,3.796643915047218,3.464883839103971,-0.3317600759432468,0.997349977493286,0.9921000003814696
ib_w96_om1_s0,1122,in_sample,4.0,top24,24.0,1.6210441284420276,1.4756205289207054,-0.1454235995213222,0.890250027179718,0.8648499846458435
ib_w96_om1_s0,1122,in_sample,4.0,top4,4.0,3.4607621415905903,3.16665680290632,-0.2941053386842704,0.9948999881744384,0.9883000254631042
ib_w96_om1_s0,1122,in_sample,4.0,top8,8.0,2.8135730555380776,2.5491761925298424,-0.2643968630082352,0.9859499931335448,0.9764000177383424
ib_w96_om1_s0,1129,crossfit,0.5,endpoint,11.0,1.620762633203528,1.3605965217307248,-0.2601661114728031,0.8955000042915344,0.8537499904632568
ib_w96_om1_s0,1129,crossfit,0.5,top1,1.0,3.187590266032554,2.908967107514673,-0.2786231585178809,0.988649994134903,0.9837999939918518
ib_w96_om1_s0,1129,crossfit,0.5,top16,16.0,1.2291340644821718,1.0218715872646422,-0.2072624772175297,0.8282999992370605,0.7824499905109406
ib_w96_om1_s0,1129,crossfit,0.5,top2,2.0,2.135283764467271,2.00484150726002,-0.1304422572072517,0.913100004196167,0.8869999945163727
ib_w96_om1_s0,1129,crossfit,0.5,top24,24.0,1.0890425381362012,0.916683317753169,-0.1723592203830322,0.7889499962329865,0.7504499852657318
ib_w96_om1_s0,1129,crossfit,0.5,top4,4.0,2.4808184168140253,2.295398890677194,-0.1854195261368315,0.950300008058548,0.9375500082969666
ib_w96_om1_s0,1129,crossfit,0.5,top8,8.0,2.3358510028868134,2.060734138090961,-0.2751168647958524,0.9477999806404114,0.9247500002384186
ib_w96_om1_s0,1129,crossfit,1.0,endpoint,11.0,1.5952371901186333,1.333757054793565,-0.261480135325068,0.8946499824523926,0.851500004529953
ib_w96_om1_s0,1129,crossfit,1.0,top1,1.0,3.1648416130822734,2.849385593656365,-0.3154560194259082,0.9888000190258026,0.9813999831676484
ib_w96_om1_s0,1129,crossfit,1.0,top16,16.0,1.1829056281684456,0.9756925247589237,-0.2072131034095218,0.8162000179290771,0.76910001039505
ib_w96_om1_s0,1129,crossfit,1.0,top2,2.0,2.1967719158443355,1.935116392215087,-0.2616555236292486,0.9245000183582306,0.8905499875545502
ib_w96_om1_s0,1129,crossfit,1.0,top24,24.0,1.0363764853555475,0.8662512313449479,-0.1701252540105995,0.7765999734401703,0.7343000173568726
ib_w96_om1_s0,1129,crossfit,1.0,top4,4.0,2.518294662640701,2.252468371611049,-0.265826291029652,0.956350028514862,0.9394499957561492
ib_w96_om1_s0,1129,crossfit,1.0,top8,8.0,2.2379790232272825,1.9196518156469784,-0.3183272075803041,0.9411499798297882,0.914599984884262
ib_w96_om1_s0,1129,crossfit,2.0,endpoint,11.0,0.8664689534567831,0.7366911508912275,-0.1297778025655555,0.7392500042915344,0.7097000181674957
ib_w96_om1_s0,1129,crossfit,2.0,top1,1.0,3.1809250213096822,2.872771085452883,-0.3081539358567988,0.9897499978542328,0.9822999835014344
ib_w96_om1_s0,1129,crossfit,2.0,top16,16.0,0.7044071941532271,0.5978675002074187,-0.1065396939458084,0.697950005531311,0.671750009059906
ib_w96_om1_s0,1129,crossfit,2.0,top2,2.0,1.9344722977983515,1.7569810884311194,-0.1774912093672321,0.8705500066280365,0.8462499976158142
ib_w96_om1_s0,1129,crossfit,2.0,top24,24.0,0.6319241694864796,0.5422131505617942,-0.0897110189246853,0.6796999871730804,0.65379998087883
ib_w96_om1_s0,1129,crossfit,2.0,top4,4.0,2.1687624988833933,1.9873429249619528,-0.1814195739214398,0.9190499782562256,0.9016000032424928
ib_w96_om1_s0,1129,crossfit,2.0,top8,8.0,1.3827803564819288,1.187136986386836,-0.1956433700950928,0.840499997138977,0.8022000193595886
ib_w96_om1_s0,1129,crossfit,3.0,endpoint,11.0,0.771678761173414,0.6594652771363615,-0.1122134840370525,0.7093499898910522,0.680400013923645
ib_w96_om1_s0,1129,crossfit,3.0,top1,1.0,3.168874958434845,2.813048883694025,-0.3558260747408197,0.9896000027656556,0.979750007390976
ib_w96_om1_s0,1129,crossfit,3.0,top16,16.0,0.5962403451014306,0.512095780547992,-0.0841445645534386,0.6714999973773956,0.6491499841213226
ib_w96_om1_s0,1129,crossfit,3.0,top2,2.0,1.8008761341960464,1.592047829472531,-0.2088283047235155,0.8536500036716461,0.824099987745285
ib_w96_om1_s0,1129,crossfit,3.0,top24,24.0,0.5346448090067548,0.4640184725701254,-0.0706263364366293,0.6577000021934509,0.638700008392334
ib_w96_om1_s0,1129,crossfit,3.0,top4,4.0,1.9893729668288944,1.7958575064784656,-0.193515460350429,0.9007500112056732,0.8779500126838684
ib_w96_om1_s0,1129,crossfit,3.0,top8,8.0,1.2167433536844077,1.0403638298812543,-0.1763795238031533,0.8141999840736389,0.7791500091552734
ib_w96_om1_s0,1129,crossfit,4.0,endpoint,11.0,0.7068927178698616,0.6159273624317888,-0.0909653554380728,0.6903499960899353,0.6665500104427338
ib_w96_om1_s0,1129,crossfit,4.0,top1,1.0,3.0864963854986223,2.7505854891198727,-0.3359108963787498,0.9882000088691713,0.978300005197525
ib_w96_om1_s0,1129,crossfit,4.0,top16,16.0,0.5467426384431928,0.4746225266298828,-0.0721201118133099,0.6581000089645386,0.6381999850273132
ib_w96_om1_s0,1129,crossfit,4.0,top2,2.0,1.7513173325961633,1.5640071841816885,-0.1873101484144748,0.8440999984741211,0.8179000020027161
ib_w96_om1_s0,1129,crossfit,4.0,top24,24.0,0.4901314698727232,0.4293471707268943,-0.0607842991458289,0.645799994468689,0.6281999945640564
ib_w96_om1_s0,1129,crossfit,4.0,top4,4.0,1.905178923986624,1.7340054571403631,-0.1711734668462608,0.8867000043392181,0.8667500019073486
ib_w96_om1_s0,1129,crossfit,4.0,top8,8.0,1.1014710083978585,0.9580522131792628,-0.1434187952185958,0.7906000018119812,0.7572999894618988
ib_w96_om1_s0,1129,in_sample,0.5,endpoint,7.0,3.1049181083996387,2.773517772622176,-0.3314003357774631,0.9857500195503236,0.9731500148773192
ib_w96_om1_s0,1129,in_sample,0.5,top1,1.0,3.2337074866613364,2.9094938765402296,-0.3242136101211068,0.9891499876976012,0.984000027179718
ib_w96_om1_s0,1129,in_sample,0.5,top16,16.0,2.1588091158588734,1.869972705086036,-0.2888364107728376,0.9495000243186952,0.9261999726295472
ib_w96_om1_s0,1129,in_sample,0.5,top2,2.0,3.3462155946011096,3.081183107356704,-0.2650324872444054,0.9915000200271606,0.9847999811172484
ib_w96_om1_s0,1129,in_sample,0.5,top24,24.0,1.4490444080893332,1.2421320861996934,-0.2069123218896398,0.8709999918937683,0.8326500058174133
ib_w96_om1_s0,1129,in_sample,0.5,top4,4.0,3.6470350925900816,3.1614652394075007,-0.4855698531825809,0.9922999739646912,0.9825500249862672
ib_w96_om1_s0,1129,in_sample,0.5,top8,8.0,3.169965523078804,2.8032761789284093,-0.3666893441503944,0.9866999983787536,0.9743499755859376
ib_w96_om1_s0,1129,in_sample,1.0,endpoint,7.0,3.1812845622935817,2.824552130458589,-0.3567324318349931,0.9863499999046326,0.9727500081062316
ib_w96_om1_s0,1129,in_sample,1.0,top1,1.0,3.213342141428956,2.860672438589237,-0.3526697028397181,0.989650011062622,0.9818999767303468
ib_w96_om1_s0,1129,in_sample,1.0,top16,16.0,2.2948897147229377,1.969712735945296,-0.3251769787776415,0.9619500041007996,0.9383999705314636
ib_w96_om1_s0,1129,in_sample,1.0,top2,2.0,3.307178721125505,2.966942660156813,-0.3402360609686923,0.989799976348877,0.9814000129699708
ib_w96_om1_s0,1129,in_sample,1.0,top24,24.0,1.5731505239792336,1.332894299415551,-0.2402562245636825,0.8888999819755554,0.8469499945640564
ib_w96_om1_s0,1129,in_sample,1.0,top4,4.0,3.4973714384665717,3.0355250358505765,-0.4618464026159947,0.989650011062622,0.979099988937378
ib_w96_om1_s0,1129,in_sample,1.0,top8,8.0,3.2198511882079472,2.8339394182306346,-0.3859117699773127,0.9862499833106996,0.9726499915122986
ib_w96_om1_s0,1129,in_sample,2.0,endpoint,7.0,2.516181165880013,2.186629400285875,-0.3295517655941378,0.9745000004768372,0.9523000121116638
ib_w96_om1_s0,1129,in_sample,2.0,top1,1.0,3.2453920395881246,2.8852101653158457,-0.3601818742722789,0.990750014781952,0.9845499992370604
ib_w96_om1_s0,1129,in_sample,2.0,top16,16.0,1.7728985678358875,1.5297992591057463,-0.2430993087301411,0.913100004196167,0.8758500218391418
ib_w96_om1_s0,1129,in_sample,2.0,top2,2.0,3.339140790964097,3.016461851504913,-0.322678939459184,0.990750014781952,0.9819499850273132
ib_w96_om1_s0,1129,in_sample,2.0,top24,24.0,1.3765507746127708,1.204029552924321,-0.1725212216884497,0.8447499871253967,0.8101000189781189
ib_w96_om1_s0,1129,in_sample,2.0,top4,4.0,3.5491262941403514,3.1023686831412025,-0.4467576109991489,0.9909499883651732,0.981149971485138
ib_w96_om1_s0,1129,in_sample,2.0,top8,8.0,2.6000541050830708,2.2513533382991096,-0.3487007667839612,0.9771000146865844,0.9556499719619752
ib_w96_om1_s0,1129,in_sample,3.0,endpoint,7.0,2.26747393506513,1.9371075967120224,-0.3303663383531077,0.960200011730194,0.9340999722480774
ib_w96_om1_s0,1129,in_sample,3.0,top1,1.0,3.270044013019261,2.825671562164703,-0.4443724508545581,0.9905999898910522,0.9814500212669371
ib_w96_om1_s0,1129,in_sample,3.0,top16,16.0,1.6683544011582605,1.4436572896153737,-0.2246971115428866,0.8955000042915344,0.8567500114440918
ib_w96_om1_s0,1129,in_sample,3.0,top2,2.0,3.353941567820726,2.971638009866762,-0.3823035579539637,0.9910500049591064,0.9815000295639038
ib_w96_om1_s0,1129,in_sample,3.0,top24,24.0,1.3927102959942868,1.2287676554076217,-0.163942640586665,0.8421000242233276,0.8086000084877014
ib_w96_om1_s0,1129,in_sample,3.0,top4,4.0,3.5543573811889355,3.050075126617223,-0.5042822545717125,0.9914000034332277,0.980650007724762
ib_w96_om1_s0,1129,in_sample,3.0,top8,8.0,2.352058795861684,2.002003780979447,-0.350055014882237,0.9630500078201294,0.9374499917030334
ib_w96_om1_s0,1129,in_sample,4.0,endpoint,7.0,2.144590069262505,1.8473969113196125,-0.2971931579428932,0.9578499794006348,0.9294000267982484
ib_w96_om1_s0,1129,in_sample,4.0,top1,1.0,3.246169193610009,2.8121942836889158,-0.4339749099210936,0.9904500246047974,0.98089998960495
ib_w96_om1_s0,1129,in_sample,4.0,top16,16.0,1.688304935114109,1.4588808360799042,-0.2294240990342049,0.8998500108718872,0.8565499782562256
ib_w96_om1_s0,1129,in_sample,4.0,top2,2.0,3.345562640670192,2.958091643662255,-0.3874709970079371,0.9900500178337096,0.981149971485138
ib_w96_om1_s0,1129,in_sample,4.0,top24,24.0,1.4270811659905935,1.2552319742017128,-0.1718491917888807,0.8507000207901001,0.8133999705314636
ib_w96_om1_s0,1129,in_sample,4.0,top4,4.0,3.5590765950242464,3.0379845433883874,-0.521092051635859,0.991100013256073,0.9800000190734864
ib_w96_om1_s0,1129,in_sample,4.0,top8,8.0,2.2252373940559966,1.912905484012387,-0.3123319100436097,0.9623500108718872,0.9350000023841858
ib_w96_om1_s0,1143,crossfit,0.5,endpoint,7.0,5.128263876767408,5.119927422591374,-0.0083364541760335,0.99795001745224,0.9957500100135804
ib_w96_om1_s0,1143,crossfit,0.5,top1,1.0,4.115027944702092,4.511853688558002,0.3968257438559099,0.9909000098705292,0.995250016450882
ib_w96_om1_s0,1143,crossfit,0.5,top16,16.0,4.090100059010155,4.067712671681697,-0.0223873873284576,0.993499994277954,0.9912999868392944
ib_w96_om1_s0,1143,crossfit,0.5,top2,2.0,5.325323507001155,5.40732311982053,0.0819996128193749,0.9993000030517578,0.9985999763011932
ib_w96_om1_s0,1143,crossfit,0.5,top24,24.0,3.659178088170501,3.55867914702655,-0.10049894114395,0.98895001411438,0.987199991941452
ib_w96_om1_s0,1143,crossfit,0.5,top4,4.0,5.4702317468340045,5.525853149551047,0.0556214027170423,0.9985000193119048,0.9974499940872192
ib_w96_om1_s0,1143,crossfit,0.5,top8,8.0,5.1237041726475,5.116756320861742,-0.0069478517857581,0.9974000155925752,0.9957500100135804
ib_w96_om1_s0,1143,crossfit,1.0,endpoint,7.0,5.138197467546825,5.074599414747997,-0.0635980527988278,0.9979499876499176,0.995250016450882
ib_w96_om1_s0,1143,crossfit,1.0,top1,1.0,4.131606394616748,4.486519772167871,0.354913377551123,0.988999992609024,0.993250012397766
ib_w96_om1_s0,1143,crossfit,1.0,top16,16.0,3.453636347816573,3.376498901085391,-0.0771374467311818,0.9841000139713288,0.9817000031471252
ib_w96_om1_s0,1143,crossfit,1.0,top2,2.0,5.335377567924976,5.357145189010785,0.021767621085809,0.999099999666214,0.9979999959468842
ib_w96_om1_s0,1143,crossfit,1.0,top24,24.0,2.7862955413789185,2.663162572141223,-0.1231329692376952,0.963349997997284,0.9567500054836272
ib_w96_om1_s0,1143,crossfit,1.0,top4,4.0,5.472263824121791,5.434695788372155,-0.0375680357496364,0.9982500076293944,0.996999979019165
ib_w96_om1_s0,1143,crossfit,1.0,top8,8.0,5.146683236302895,5.089263374664313,-0.0574198616385821,0.9971500039100648,0.99549999833107
ib_w96_om1_s0,1143,crossfit,2.0,endpoint,7.0,5.251970186585449,5.041021893181023,-0.2109482934044262,0.9987500011920928,0.9966500103473664
ib_w96_om1_s0,1143,crossfit,2.0,top1,1.0,4.609657872114409,4.586827974942533,-0.0228298971718747,0.9987500011920928,0.9975000023841858
ib_w96_om1_s0,1143,crossfit,2.0,top16,16.0,3.0707723202378485,2.8742060658078112,-0.196566254430037,0.9801500141620636,0.9722500145435332
ib_w96_om1_s0,1143,crossfit,2.0,top2,2.0,5.780841772531612,5.359820790470116,-0.4210209820614956,0.9998500049114228,0.9984999895095824
ib_w96_om1_s0,1143,crossfit,2.0,top24,24.0,2.361952475562563,2.20422976390646,-0.1577227116561035,0.9501999914646148,0.937250018119812
ib_w96_om1_s0,1143,crossfit,2.0,top4,4.0,5.707784854923071,5.37778141138368,-0.3300034435393915,0.999099999666214,0.9977499842643738
ib_w96_om1_s0,1143,crossfit,2.0,top8,8.0,5.18238044738322,4.99453649976441,-0.1878439476188091,0.9980500042438508,0.996150016784668
ib_w96_om1_s0,1143,crossfit,3.0,endpoint,7.0,5.261142974959797,5.042224747585486,-0.2189182273743113,0.9987500011920928,0.9966500103473664
ib_w96_om1_s0,1143,crossfit,3.0,top1,1.0,4.596210342479042,4.5419447807956175,-0.0542655616834251,0.9986999928951265,0.9975000023841858
ib_w96_om1_s0,1143,crossfit,3.0,top16,16.0,2.3430089350298644,2.201115389677092,-0.1418935453527724,0.9509000182151794,0.94200000166893
ib_w96_om1_s0,1143,crossfit,3.0,top2,2.0,5.770453013271359,5.342200462535847,-0.4282525507355124,0.9998500049114228,0.9984999895095824
ib_w96_om1_s0,1143,crossfit,3.0,top24,24.0,1.7010109806828355,1.601127194955866,-0.0998837857269698,0.8906500041484833,0.8787000179290771
ib_w96_om1_s0,1143,crossfit,3.0,top4,4.0,5.701279683871038,5.366972729865468,-0.3343069540055694,0.999099999666214,0.9977999925613404
ib_w96_om1_s0,1143,crossfit,3.0,top8,8.0,5.0112489391789605,4.818897880447116,-0.1923510587318455,0.9979999959468842,0.996150016784668
ib_w96_om1_s0,1143,crossfit,4.0,endpoint,7.0,5.194003919826994,5.004719355053025,-0.1892845647739687,0.9988499879837036,0.9966000020503998
ib_w96_om1_s0,1143,crossfit,4.0,top1,1.0,4.535409972347669,4.523920141062874,-0.0114898312847944,0.9986499845981598,0.9975999891757964
ib_w96_om1_s0,1143,crossfit,4.0,top16,16.0,2.3448571355677155,2.2131662456453576,-0.1316908899223576,0.9553500115871428,0.9454500079154968
ib_w96_om1_s0,1143,crossfit,4.0,top2,2.0,5.694470887204991,5.318376768173389,-0.3760941190316025,0.9998500049114228,0.9984999895095824
ib_w96_om1_s0,1143,crossfit,4.0,top24,24.0,1.676912079046211,1.5813058568479437,-0.0956062221982675,0.8867499828338623,0.8738999962806702
ib_w96_om1_s0,1143,crossfit,4.0,top4,4.0,5.618789906044288,5.335708273886475,-0.2830816321578133,0.9990000128746032,0.9978500008583068
ib_w96_om1_s0,1143,crossfit,4.0,top8,8.0,4.738098270317993,4.561752235871294,-0.1763460344466989,0.9978500008583068,0.9958000183105468
ib_w96_om1_s0,1143,in_sample,0.5,endpoint,7.0,5.088693689831199,5.053555212052081,-0.0351384777791183,0.9978500008583068,0.9958000183105468
ib_w96_om1_s0,1143,in_sample,0.5,top1,1.0,4.13126303854025,4.509082604932739,0.377819566392489,0.9927499890327454,0.995299994945526
ib_w96_om1_s0,1143,in_sample,0.5,top16,16.0,4.459014058531064,4.395270251174956,-0.0637438073561078,0.9951500296592712,0.9940000176429749
ib_w96_om1_s0,1143,in_sample,0.5,top2,2.0,5.325520869181508,5.380824987026505,0.0553041178449964,0.9991499781608582,0.9985499978065492
ib_w96_om1_s0,1143,in_sample,0.5,top24,24.0,4.471563913146213,4.344895639844601,-0.126668273301612,0.9965500235557556,0.994700014591217
ib_w96_om1_s0,1143,in_sample,0.5,top4,4.0,5.460481927276974,5.477138631674565,0.0166567043975911,0.998449981212616,0.9975000023841858
ib_w96_om1_s0,1143,in_sample,0.5,top8,8.0,5.032924255033161,4.988437349636289,-0.0444869053968721,0.9973999857902528,0.9958000183105468
ib_w96_om1_s0,1143,in_sample,1.0,endpoint,7.0,5.189304583358464,5.07813203160161,-0.1111725517568533,0.9977999925613404,0.995199978351593
ib_w96_om1_s0,1143,in_sample,1.0,top1,1.0,4.162140215868493,4.491704629559866,0.3295644136913731,0.9911500215530396,0.9940999746322632
ib_w96_om1_s0,1143,in_sample,1.0,top16,16.0,4.509406759220783,4.394594710484409,-0.1148120487363746,0.9964500069618224,0.9946500062942504
ib_w96_om1_s0,1143,in_sample,1.0,top2,2.0,5.382262583380897,5.375487620178507,-0.0067749632023899,0.9989500045776368,0.9978500008583068
ib_w96_om1_s0,1143,in_sample,1.0,top24,24.0,4.257497976984003,4.124852561362413,-0.1326454156215897,0.9953500032424928,0.992799997329712
ib_w96_om1_s0,1143,in_sample,1.0,top4,4.0,5.52974657895469,5.459230792922028,-0.0705157860326615,0.9982500076293944,0.9969000220298768
ib_w96_om1_s0,1143,in_sample,1.0,top8,8.0,5.141034689867511,5.027373341327115,-0.1136613485403961,0.9973999857902528,0.995199978351593
ib_w96_om1_s0,1143,in_sample,2.0,endpoint,7.0,5.307010549756099,5.042265678054593,-0.2647448717015059,0.9989500045776368,0.9965999722480774
ib_w96_om1_s0,1143,in_sample,2.0,top1,1.0,4.627891539965036,4.58012907203078,-0.0477624679342563,0.9988999962806702,0.9976999759674072
ib_w96_om1_s0,1143,in_sample,2.0,top16,16.0,4.260360408494272,4.011019692850617,-0.2493407156436546,0.996649980545044,0.9946500062942504
ib_w96_om1_s0,1143,in_sample,2.0,top2,2.0,5.808202526459088,5.359129910212092,-0.4490726162469967,0.9998999834060668,0.9985499978065492
ib_w96_om1_s0,1143,in_sample,2.0,top24,24.0,3.801409245880422,3.5313719030342896,-0.2700373428461322,0.9916499853134156,0.9879000186920166
ib_w96_om1_s0,1143,in_sample,2.0,top4,4.0,5.742962417180775,5.3942217048372445,-0.3487407123435302,0.9990500211715698,0.9976999759674072
ib_w96_om1_s0,1143,in_sample,2.0,top8,8.0,5.245580595947444,4.962664385891725,-0.2829162100557187,0.9983000159263612,0.9962000250816344
ib_w96_om1_s0,1143,in_sample,3.0,endpoint,7.0,5.356650887709685,5.071690816769149,-0.2849600709405369,0.9991499781608582,0.9969499707221984
ib_w96_om1_s0,1143,in_sample,3.0,top1,1.0,4.650586881974949,4.566903957944294,-0.0836829240306551,0.9990000128746032,0.9978500008583068
ib_w96_om1_s0,1143,in_sample,3.0,top16,16.0,3.905815326793526,3.6709278879886815,-0.2348874388048445,0.9946500062942504,0.9918500185012816
ib_w96_om1_s0,1143,in_sample,3.0,top2,2.0,5.835747207521906,5.370676839474489,-0.4650703680474173,0.9998999834060668,0.9987000226974488
ib_w96_om1_s0,1143,in_sample,3.0,top24,24.0,3.0388232178930044,2.8517181839986434,-0.1871050338943609,0.9780499935150146,0.9700999855995178
ib_w96_om1_s0,1143,in_sample,3.0,top4,4.0,5.77659409917497,5.40963618714738,-0.3669579120275896,0.9990500211715698,0.9976999759674072
ib_w96_om1_s0,1143,in_sample,3.0,top8,8.0,5.294964050412514,4.998023772669463,-0.2969402777430519,0.9983999729156494,0.9965000152587892
ib_w96_om1_s0,1143,in_sample,4.0,endpoint,7.0,5.323439750626826,5.054463334141359,-0.2689764164854669,0.9993500113487244,0.9968000054359436
ib_w96_om1_s0,1143,in_sample,4.0,top1,1.0,4.638082051935476,4.573863295264547,-0.0642187566709289,0.9988999962806702,0.9979000091552734
ib_w96_om1_s0,1143,in_sample,4.0,top16,16.0,3.994049342733752,3.738901085125124,-0.2551482576086274,0.996399998664856,0.9942499995231628
ib_w96_om1_s0,1143,in_sample,4.0,top2,2.0,5.803253109742388,5.372533106061968,-0.4307200036804204,0.9998999834060668,0.9986000061035156
ib_w96_om1_s0,1143,in_sample,4.0,top24,24.0,3.1040574037439965,2.9083569413330417,-0.1957004624109548,0.9858499765396118,0.9782999753952026
ib_w96_om1_s0,1143,in_sample,4.0,top4,4.0,5.722594105930691,5.399052583375386,-0.3235415225553044,0.9990500211715698,0.9977999925613404
ib_w96_om1_s0,1143,in_sample,4.0,top8,8.0,5.269276515186902,4.977675963973615,-0.2916005512132864,0.9984999895095824,0.9965000152587892
ib_w96_om1_s0,1300,crossfit,0.5,endpoint,7.5,3.239807317161994,3.0748486652219285,-0.1649586519400656,0.9832499921321868,0.9792500138282776
ib_w96_om1_s0,1300,crossfit,0.5,top1,1.0,3.48146762820316,3.5154994311003938,0.0340318028972337,0.991100013256073,0.9863999783992768
ib_w96_om1_s0,1300,crossfit,0.5,top16,16.0,2.3433141759560607,2.249434623051236,-0.0938795529048249,0.9429999887943268,0.936599999666214
ib_w96_om1_s0,1300,crossfit,0.5,top2,2.0,3.501845021738526,3.412154675673301,-0.0896903460652251,0.9896499812602996,0.9861499965190887
ib_w96_om1_s0,1300,crossfit,0.5,top24,24.0,1.9838860390743536,1.9353080979106787,-0.0485779411636749,0.918199986219406,0.9129500091075896
ib_w96_om1_s0,1300,crossfit,0.5,top4,4.0,3.689799977592488,3.49311011567662,-0.1966898619158672,0.989850014448166,0.9863000214099884
ib_w96_om1_s0,1300,crossfit,0.5,top8,8.0,3.1679134399011124,3.005995974592129,-0.161917465308983,0.9818499982357024,0.9781500101089478
ib_w96_om1_s0,1300,crossfit,1.0,endpoint,7.5,2.704318955189189,2.475590328249507,-0.2287286269396822,0.9614500105381012,0.9496999979019164
ib_w96_om1_s0,1300,crossfit,1.0,top1,1.0,3.719320608916829,3.7205180344691295,0.0011974255523004,0.992900013923645,0.9878999888896942
ib_w96_om1_s0,1300,crossfit,1.0,top16,16.0,1.5773637620014729,1.4690860015058642,-0.1082777604956086,0.8447000086307526,0.8294500112533569
ib_w96_om1_s0,1300,crossfit,1.0,top2,2.0,3.713444907002039,3.5983512318354487,-0.1150936751665903,0.9931000173091888,0.9883999824523926
ib_w96_om1_s0,1300,crossfit,1.0,top24,24.0,1.1944024045352175,1.0997811474913668,-0.0946212570438507,0.8059999942779541,0.7890500128269196
ib_w96_om1_s0,1300,crossfit,1.0,top4,4.0,3.8937018021615626,3.66437833375248,-0.2293234684090823,0.9916000068187714,0.9875499904155732
ib_w96_om1_s0,1300,crossfit,1.0,top8,8.0,2.4553181435451434,2.2564615490594355,-0.1988565944857078,0.955949991941452,0.944000005722046
ib_w96_om1_s0,1300,crossfit,2.0,endpoint,7.5,2.777044285150513,2.4779547949176832,-0.2990894902328298,0.9664499759674072,0.9522499740123748
ib_w96_om1_s0,1300,crossfit,2.0,top1,1.0,3.889448121129885,3.6989461644975625,-0.1905019566323225,0.9922000169754028,0.9854499995708466
ib_w96_om1_s0,1300,crossfit,2.0,top16,16.0,1.3812638271579334,1.2287912159110657,-0.1524726112468676,0.8316999971866608,0.8075500130653381
ib_w96_om1_s0,1300,crossfit,2.0,top2,2.0,3.847322258337457,3.6561300032800528,-0.1911922550574043,0.994350016117096,0.988649994134903
ib_w96_om1_s0,1300,crossfit,2.0,top24,24.0,0.9879113559369888,0.8748338295800294,-0.1130775263569592,0.7704000174999237,0.7468000054359436
ib_w96_om1_s0,1300,crossfit,2.0,top4,4.0,3.9926558581064686,3.6984963609420376,-0.2941594971644312,0.9918000102043152,0.9875499904155732
ib_w96_om1_s0,1300,crossfit,2.0,top8,8.0,2.4156841760269607,2.1647661760562285,-0.250917999970732,0.9519499838352204,0.93504998087883
ib_w96_om1_s0,1300,crossfit,3.0,endpoint,7.5,2.250290098987671,1.986140531124695,-0.2641495678629763,0.9163000285625458,0.8926999866962433
ib_w96_om1_s0,1300,crossfit,3.0,top1,1.0,3.890964515643777,3.666450182936575,-0.2245143327072021,0.9916499853134156,0.9848999977111816
ib_w96_om1_s0,1300,crossfit,3.0,top16,16.0,0.9787022842055144,0.8597316706359255,-0.1189706135695889,0.7616499960422516,0.7389499843120575
ib_w96_om1_s0,1300,crossfit,3.0,top2,2.0,3.866598446444365,3.6394879760587058,-0.2271104703856596,0.9939500093460084,0.9879499971866608
ib_w96_om1_s0,1300,crossfit,3.0,top24,24.0,0.6581478131529337,0.5726026579577952,-0.0855451551951384,0.6976499855518341,0.6762000024318695
ib_w96_om1_s0,1300,crossfit,3.0,top4,4.0,4.025761314224175,3.694457687987121,-0.3313036262370545,0.9919999837875366,0.9876999855041504
ib_w96_om1_s0,1300,crossfit,3.0,top8,8.0,1.8077905653575492,1.600178951245788,-0.2076116141117613,0.8928500115871429,0.8671000003814697
ib_w96_om1_s0,1300,crossfit,4.0,endpoint,7.5,1.9324945632441644,1.720260907932957,-0.2122336553112073,0.8824999928474426,0.8585500121116638
ib_w96_om1_s0,1300,crossfit,4.0,top1,1.0,3.844333375793907,3.6244240572938393,-0.2199093185000675,0.9915499985218048,0.9838500022888184
ib_w96_om1_s0,1300,crossfit,4.0,top16,16.0,0.8119964398785883,0.7206531095876473,-0.091343330290941,0.7246000170707703,0.7058000266551971
ib_w96_om1_s0,1300,crossfit,4.0,top2,2.0,3.825893505563553,3.6292276958552474,-0.1966658097083058,0.9935500025749208,0.9878000020980836
ib_w96_om1_s0,1300,crossfit,4.0,top24,24.0,0.5646099014110124,0.498029983860082,-0.0665799175509304,0.6705999970436096,0.6534999907016754
ib_w96_om1_s0,1300,crossfit,4.0,top4,4.0,4.013434208241296,3.701555631981405,-0.3118785762598903,0.9914499819278716,0.9878499805927276
ib_w96_om1_s0,1300,crossfit,4.0,top8,8.0,1.4906629357631167,1.3241490240621387,-0.1665139117009779,0.8530000150203705,0.8259000182151794
ib_w96_om1_s0,1300,in_sample,0.5,endpoint,5.0,3.600482160125835,3.4133720028663004,-0.1871101572595348,0.9890000224113464,0.9857500195503236
ib_w96_om1_s0,1300,in_sample,0.5,top1,1.0,3.4405754217314013,3.466143723982662,0.0255683022512607,0.99099999666214,0.9865999817848206
ib_w96_om1_s0,1300,in_sample,0.5,top16,16.0,3.304815112439228,3.1557701411102617,-0.1490449713289661,0.9858999848365784,0.9829000234603882
ib_w96_om1_s0,1300,in_sample,0.5,top2,2.0,3.705067655236649,3.5316027441745854,-0.1734649110620636,0.9909250140190125,0.9874500036239624
ib_w96_om1_s0,1300,in_sample,0.5,top24,24.0,3.1166113445934345,3.0287610870976804,-0.087850257495754,0.9843999743461608,0.9826499819755554
ib_w96_om1_s0,1300,in_sample,0.5,top4,4.0,3.653480139515456,3.438316600693736,-0.2151635388217201,0.9903500080108644,0.9864000082015992
ib_w96_om1_s0,1300,in_sample,0.5,top8,8.0,3.486203471862648,3.3281646055549943,-0.158038866307653,0.988099992275238,0.9856500029563904
ib_w96_om1_s0,1300,in_sample,1.0,endpoint,5.0,3.901502638826232,3.630069536363034,-0.2714331024631975,0.991599977016449,0.9882500171661376
ib_w96_om1_s0,1300,in_sample,1.0,top1,1.0,3.656565704017024,3.654774348095131,-0.0017913559218922,0.9926999807357788,0.9883999824523926
ib_w96_om1_s0,1300,in_sample,1.0,top16,16.0,2.100009869456112,1.9041704454729769,-0.1958394239831351,0.9389500021934508,0.9190000295639038
ib_w96_om1_s0,1300,in_sample,1.0,top2,2.0,3.937947550086489,3.749548436376261,-0.1883991137102283,0.9941999912261964,0.9896000027656556
ib_w96_om1_s0,1300,in_sample,1.0,top24,24.0,1.7641311211500017,1.6038505077369445,-0.1602806134130572,0.9017000198364258,0.8797500133514404
ib_w96_om1_s0,1300,in_sample,1.0,top4,4.0,3.85929259099748,3.613221836238377,-0.2460707547591027,0.9918000102043152,0.9878000020980836
ib_w96_om1_s0,1300,in_sample,1.0,top8,8.0,3.4743651175873134,3.2381588233919003,-0.236206294195413,0.991699993610382,0.9873499870300292
ib_w96_om1_s0,1300,in_sample,2.0,endpoint,5.0,4.012723409978101,3.642833198724459,-0.3698902112536415,0.993149995803833,0.9880499839782716
ib_w96_om1_s0,1300,in_sample,2.0,top1,1.0,3.8096997669164567,3.595399883893444,-0.2142998830230125,0.9922500252723694,0.9858499765396118
ib_w96_om1_s0,1300,in_sample,2.0,top16,16.0,2.296692224539981,2.0616764686690203,-0.2350157558709611,0.9508500099182128,0.9300000071525574
ib_w96_om1_s0,1300,in_sample,2.0,top2,2.0,4.076249615557284,3.745624539065712,-0.3306250764915721,0.9950000047683716,0.9897000193595886
ib_w96_om1_s0,1300,in_sample,2.0,top24,24.0,1.9172483395473916,1.7170048080090203,-0.200243531538371,0.9162499904632568,0.8888499736785889
ib_w96_om1_s0,1300,in_sample,2.0,top4,4.0,3.96276382304014,3.621689984774888,-0.341073838265252,0.9924499988555908,0.987600028514862
ib_w96_om1_s0,1300,in_sample,2.0,top8,8.0,3.6938431754520495,3.3747944102122323,-0.3190487652398173,0.9922999739646912,0.9872999787330629
ib_w96_om1_s0,1300,in_sample,3.0,endpoint,5.0,4.053562339440298,3.645375577239173,-0.4081867622011259,0.9938499927520752,0.9884499907493592
ib_w96_om1_s0,1300,in_sample,3.0,top1,1.0,3.822108912672828,3.572484591647102,-0.2496243210257254,0.9918000102043152,0.9851499795913696
ib_w96_om1_s0,1300,in_sample,3.0,top16,16.0,1.9485275870305647,1.7427262012628284,-0.2058013857677363,0.9183499813079834,0.8927000164985657
ib_w96_om1_s0,1300,in_sample,3.0,top2,2.0,4.109676615854244,3.732342991513168,-0.3773336243410763,0.9950000047683716,0.9894999861717224
ib_w96_om1_s0,1300,in_sample,3.0,top24,24.0,1.719883423118313,1.5462230504155403,-0.173660372702773,0.8883500099182129,0.8632000088691711
ib_w96_om1_s0,1300,in_sample,3.0,top4,4.0,3.9989779556378817,3.6239038590789687,-0.375074096558913,0.992900013923645,0.9877499938011168
ib_w96_om1_s0,1300,in_sample,3.0,top8,8.0,3.6229805096692074,3.329993824461761,-0.2929866852074454,0.9933500289916992,0.9886999726295472
ib_w96_om1_s0,1300,in_sample,4.0,endpoint,5.0,4.074252488212588,3.667289403803861,-0.4069630844087277,0.9939500093460084,0.9886500239372252
ib_w96_om1_s0,1300,in_sample,4.0,top1,1.0,3.834907978822084,3.55852985468344,-0.276378124138644,0.9921000003814696,0.984749972820282
ib_w96_om1_s0,1300,in_sample,4.0,top16,16.0,1.6586985306860431,1.4965023148347711,-0.1621962158512722,0.8840500116348267,0.8593000173568726
ib_w96_om1_s0,1300,in_sample,4.0,top2,2.0,4.119396903020419,3.749282443556612,-0.3701144594638075,0.9953500032424928,0.9897500276565552
ib_w96_om1_s0,1300,in_sample,4.0,top24,24.0,1.4484579586112838,1.3168862819149576,-0.1315716766963262,0.8507999777793884,0.8288499712944031
ib_w96_om1_s0,1300,in_sample,4.0,top4,4.0,4.020616688573113,3.6462876820882553,-0.3743290064848574,0.9926000237464904,0.98785001039505
ib_w96_om1_s0,1300,in_sample,4.0,top8,8.0,3.2846685658465327,3.0100172101907847,-0.2746513556557479,0.9903500080108644,0.9848999977111816
ib_w96_om1_s0,2143,crossfit,0.5,endpoint,3.0,12.671296918518776,13.902940393593958,1.231643475075181,1.0,1.0
ib_w96_om1_s0,2143,crossfit,0.5,top1,1.0,10.029219128751077,12.197009323290263,2.1677901945391875,1.0,1.0
ib_w96_om1_s0,2143,crossfit,0.5,top16,16.0,10.281413968953204,10.834853952748237,0.5534399837950348,1.0,1.0
ib_w96_om1_s0,2143,crossfit,0.5,top2,2.0,12.929186051331897,14.46527971808018,1.5360936667482834,1.0,1.0
ib_w96_om1_s0,2143,crossfit,0.5,top24,24.0,8.937044893978205,9.345557656485695,0.4085127625074891,1.0,1.0
ib_w96_om1_s0,2143,crossfit,0.5,top4,4.0,12.335148769728326,13.563653175236691,1.2285044055083647,1.0,1.0
ib_w96_om1_s0,2143,crossfit,0.5,top8,8.0,11.7167055625228,12.468177587404794,0.751472024881993,1.0,1.0
ib_w96_om1_s0,2143,crossfit,1.0,endpoint,3.0,12.339058250344229,13.418273095769443,1.0792148454252155,1.0,1.0
ib_w96_om1_s0,2143,crossfit,1.0,top1,1.0,9.962240701348774,11.897608620240565,1.9353679188917916,1.0,1.0
ib_w96_om1_s0,2143,crossfit,1.0,top16,16.0,7.753320110470431,8.00904063374038,0.255720523269948,1.0,1.0
ib_w96_om1_s0,2143,crossfit,1.0,top2,2.0,12.649958490598808,13.97888144598275,1.328922955383942,1.0,1.0
ib_w96_om1_s0,2143,crossfit,1.0,top24,24.0,6.045131993921859,6.194000418375385,0.1488684244535263,1.0,1.0
ib_w96_om1_s0,2143,crossfit,1.0,top4,4.0,12.019782729274407,13.091968798582169,1.0721860693077607,1.0,1.0
ib_w96_om1_s0,2143,crossfit,1.0,top8,8.0,11.33426215649398,11.973583072950142,0.6393209164561604,1.0,1.0
ib_w96_om1_s0,2143,crossfit,2.0,endpoint,3.0,12.490002479109933,13.48618322955872,0.9961807504487848,1.0,1.0
ib_w96_om1_s0,2143,crossfit,2.0,top1,1.0,10.127197308749931,11.970102867150596,1.8429055584006644,1.0,1.0
ib_w96_om1_s0,2143,crossfit,2.0,top16,16.0,7.215733399109119,7.447178524229309,0.2314451251201901,1.0,1.0
ib_w96_om1_s0,2143,crossfit,2.0,top2,2.0,12.79006242684624,13.99038427699768,1.2003218501514397,1.0,1.0
ib_w96_om1_s0,2143,crossfit,2.0,top24,24.0,5.454844377332674,5.612992233944395,0.1581478566117211,1.0,1.0
ib_w96_om1_s0,2143,crossfit,2.0,top4,4.0,12.140946527379532,13.153910763585417,1.0129642362058826,1.0,1.0
ib_w96_om1_s0,2143,crossfit,2.0,top8,8.0,11.411597937368876,12.028008385131551,0.616410447762676,1.0,1.0
ib_w96_om1_s0,2143,crossfit,3.0,endpoint,3.0,12.50189956510074,13.513474256456451,1.0115746913557118,1.0,1.0
ib_w96_om1_s0,2143,crossfit,3.0,top1,1.0,10.123940080861235,11.982371033119524,1.8584309522582885,1.0,1.0
ib_w96_om1_s0,2143,crossfit,3.0,top16,16.0,6.657848826069792,6.882602113492233,0.224753287422442,1.0,1.0
ib_w96_om1_s0,2143,crossfit,3.0,top2,2.0,12.80033287400261,14.021387212821164,1.2210543388185542,1.0,1.0
ib_w96_om1_s0,2143,crossfit,3.0,top24,24.0,4.957628070125561,5.082579644930057,0.124951574804496,0.9994499981403352,0.9995000064373016
ib_w96_om1_s0,2143,crossfit,3.0,top4,4.0,12.148114459139116,13.17270674701106,1.0245922878719431,1.0,1.0
ib_w96_om1_s0,2143,crossfit,3.0,top8,8.0,11.399693272605926,12.024307757623523,0.6246144850176005,1.0,1.0
ib_w96_om1_s0,2143,crossfit,4.0,endpoint,3.0,12.530323118736142,13.54345696946342,1.0131338507272805,1.0,1.0
ib_w96_om1_s0,2143,crossfit,4.0,top1,1.0,10.163769916424584,12.011112546694669,1.8473426302700835,1.0,1.0
ib_w96_om1_s0,2143,crossfit,4.0,top16,16.0,6.262494480817456,6.474164319912202,0.2116698390947453,1.0,1.0
ib_w96_om1_s0,2143,crossfit,4.0,top2,2.0,12.839239668506462,14.051412084510297,1.212172416003834,1.0,1.0
ib_w96_om1_s0,2143,crossfit,4.0,top24,24.0,4.309515514865869,4.426701425258421,0.1171859103925516,0.9971500039100648,0.9975999891757964
ib_w96_om1_s0,2143,crossfit,4.0,top4,4.0,12.178363831570936,13.20137212215004,1.0230082905791011,1.0,1.0
ib_w96_om1_s0,2143,crossfit,4.0,top8,8.0,11.432676708096736,12.042247777370548,0.6095710692738114,1.0,1.0
ib_w96_om1_s0,2143,in_sample,0.5,endpoint,3.0,12.641381253801194,13.842379664151371,1.200998410350179,1.0,1.0
ib_w96_om1_s0,2143,in_sample,0.5,top1,1.0,10.923085019105216,13.407820185071248,2.4847351659660326,1.0,1.0
ib_w96_om1_s0,2143,in_sample,0.5,top16,16.0,10.82023875923332,11.453937063468866,0.633698304235546,1.0,1.0
ib_w96_om1_s0,2143,in_sample,0.5,top2,2.0,12.870688580823323,14.412871207013096,1.5421826261897706,1.0,1.0
ib_w96_om1_s0,2143,in_sample,0.5,top24,24.0,9.86638381072791,10.389742362812752,0.5233585520848418,1.0,1.0
ib_w96_om1_s0,2143,in_sample,0.5,top4,4.0,12.289496928744,13.485806613195624,1.1963096844516254,1.0,1.0
ib_w96_om1_s0,2143,in_sample,0.5,top8,8.0,11.645331729419588,12.355667319660371,0.7103355902407849,1.0,1.0
ib_w96_om1_s0,2143,in_sample,1.0,endpoint,3.0,12.3214372513238,13.377528170633294,1.0560909193094936,1.0,1.0
ib_w96_om1_s0,2143,in_sample,1.0,top1,1.0,10.867043226959016,13.29655985829929,2.429516631340274,1.0,1.0
ib_w96_om1_s0,2143,in_sample,1.0,top16,16.0,10.129538792873406,10.599257846910833,0.4697190540374247,1.0,1.0
ib_w96_om1_s0,2143,in_sample,1.0,top2,2.0,12.62108922657712,13.932649815453026,1.3115605888759063,1.0,1.0
ib_w96_om1_s0,2143,in_sample,1.0,top24,24.0,6.898882859137919,7.042721353354361,0.1438384942164425,1.0,1.0
ib_w96_om1_s0,2143,in_sample,1.0,top4,4.0,11.999585413904846,13.039714087113964,1.040128673209118,1.0,1.0
ib_w96_om1_s0,2143,in_sample,1.0,top8,8.0,11.276100415774978,11.860803175572428,0.5847027597974499,1.0,1.0
ib_w96_om1_s0,2143,in_sample,2.0,endpoint,3.0,12.495019295920414,13.469478380350818,0.9744590844304036,1.0,1.0
ib_w96_om1_s0,2143,in_sample,2.0,top1,1.0,10.916194764646022,13.419705358818716,2.5035105941726936,1.0,1.0
ib_w96_om1_s0,2143,in_sample,2.0,top16,16.0,9.698855745896282,10.072157093387917,0.3733013474916351,1.0,1.0
ib_w96_om1_s0,2143,in_sample,2.0,top2,2.0,12.775116309249192,13.967135266211152,1.1920189569619597,1.0,1.0
ib_w96_om1_s0,2143,in_sample,2.0,top24,24.0,6.161230066719633,6.266913876727285,0.105683810007652,0.9999499917030334,0.9999499917030334
ib_w96_om1_s0,2143,in_sample,2.0,top4,4.0,12.146826238636988,13.125041368085077,0.9782151294480884,1.0,1.0
ib_w96_om1_s0,2143,in_sample,2.0,top8,8.0,11.368195073930686,11.919356963898418,0.551161889967732,1.0,1.0
ib_w96_om1_s0,2143,in_sample,3.0,endpoint,3.0,12.511967588571148,13.506374773848089,0.9944071852769412,1.0,1.0
ib_w96_om1_s0,2143,in_sample,3.0,top1,1.0,10.945282394681584,13.446464799420443,2.5011824047388598,1.0,1.0
ib_w96_om1_s0,2143,in_sample,3.0,top16,16.0,9.688232913320018,10.074553166760584,0.3863202534405658,1.0,1.0
ib_w96_om1_s0,2143,in_sample,3.0,top2,2.0,12.794843580058942,14.004540428769095,1.2096968487101538,1.0,1.0
ib_w96_om1_s0,2143,in_sample,3.0,top24,24.0,6.301636200126207,6.404635555198069,0.1029993550718613,1.0,1.0
ib_w96_om1_s0,2143,in_sample,3.0,top4,4.0,12.160340231305195,13.156879338850148,0.996539107544951,1.0,1.0
ib_w96_om1_s0,2143,in_sample,3.0,top8,8.0,11.391108236950204,11.94308827322777,0.551980036277568,1.0,1.0
ib_w96_om1_s0,2143,in_sample,4.0,endpoint,3.0,12.53050980636828,13.535935181226588,1.0054253748583086,1.0,1.0
ib_w96_om1_s0,2143,in_sample,4.0,top1,1.0,10.961250154745962,13.47987897394688,2.5186288192009183,1.0,1.0
ib_w96_om1_s0,2143,in_sample,4.0,top16,16.0,9.645823025253,10.035447318397576,0.3896242931445766,1.0,1.0
ib_w96_om1_s0,2143,in_sample,4.0,top2,2.0,12.817178273647537,14.03514549674566,1.2179672230981229,1.0,1.0
ib_w96_om1_s0,2143,in_sample,4.0,top24,24.0,6.076864768388709,6.176736597577729,0.0998718291890199,1.0,1.0
ib_w96_om1_s0,2143,in_sample,4.0,top4,4.0,12.177635942726322,13.181990127658336,1.004354184932014,1.0,1.0
ib_w96_om1_s0,2143,in_sample,4.0,top8,8.0,11.433229478509988,11.964453052561192,0.5312235740512037,1.0,1.0
